drugbank-id,title,url
BIOD00024,Google books,http://books.google.com/books?id=iadLoXoQkWEC&pg=PA440
BIOD00052,Link,http://web.b.ebscohost.com.login.ezproxy.library.ualberta.ca/dynamed/detail?vid=4&sid=eeea413d-1490-4efa-bf5d-71f40e1986a1%40sessionmgr111&hid=123&bdata=JnNpdGU9ZHluYW1lZC1saXZlJnNjb3BlPXNpdGU%3d#db=dme&AN=232781
BIOD00009,RxMed,http://www.rxmed.com/b.main/b2.pharmaceutical/b2.1.monographs/CPS-%20Monographs/CPS-%20(General%20Monographs-%20L)/LUPRON%20DEPOT.html
BIOD00043,"American Association for the Study of Liver Diseases; Infectious Diseases Society of America. HCV guidance. http://hcvguidelines.org. Accessed June 12, 2017.",http://hcvguidelines.org/full-report-view
DB08923,FDA News Release: FDA approves first epoetin alfa biosimilar for the treatment of anemia,https://www.fda.gov/NewsEvents/Newsroom/PressAnnouncements/ucm607703.htm
BIOD00048,"American Association for the Study of Liver Diseases; Infectious Diseases Society of America. HCV guidance. http://hcvguidelines.org. Accessed June 12, 2017.",http://hcvguidelines.org/full-report-view
BIOD00011,"UniProtKB - V6FYV8 (V6FYV8_ECOLX): E. coli L-asparaginase, type II FASTA sequence ",http://www.uniprot.org/uniprot/V6FYV8
BIOD00061,UKPAR for Desmopressin acetate 100mcg and 200mcg Tablets,http://www.mhra.gov.uk/home/groups/par/documents/websiteresources/con2033807.pdf
BIOD00056,Link,http://search.ebscohost.com/login.aspx?direct=true&site=DynaMed&id=233015
BIOD00049,Patent: Methods related to adalimumab,https://patents.google.com/patent/US20150158943
BIOD00077,FDA Press Announcements: FDA approves Mylotarg for treatment of acute myeloid leukemia,https://www.fda.gov/NewsEvents/Newsroom/PressAnnouncements/ucm574507.htm?source=govdelivery&utm_medium=email&utm_source=govdelivery
BIOD00079,Link,http://search.ebscohost.com/login.aspx?direct=true&site=DynaMed&id=233015
DB00064,Plasbumin,https://dailymed.nlm.nih.gov/dailymed/drugInfo.cfm?setid=ead60f3e-9dcc-7afe-2220-4f2381f3c140
BIOD00004,"FDA Label: IXIFI (infliximab-qbtx) for injection, for Intravenous Use",https://www.accessdata.fda.gov/drugsatfda_docs/label/2017/761072s000lbl.pdf
BIOD00078,Link,http://www.kegg.jp/entry/D00746
BIOD00062,Link,http://www.google.com/patents/EP0422697A1?cl=en
BIOD00098,US Patent US6870034B2 (includes Trastuzumab heavy chain sequence),https://patents.google.com/patent/US6870034
BIOD00014,Link,http://planetorbitrap.com/data/uploads/528fce2e395be.pdf
BIOD00069,Link,http://web.b.ebscohost.com/dynamed/detail?vid=6&sid=48a6db20-234e-4280-b18e-dcd0e2fed388%40sessionmgr198&hid=102&bdata=JnNpdGU9ZHluYW1lZC1saXZlJnNjb3BlPXNpdGU%3d#db=dme&AN=232878
BIOD00111,Link,http://www.google.com/patents/WO2002059322A2?cl=en
DB05356,EMA reports,http://www.ema.europa.eu/docs/en_GB/document_library/EPAR_-_Public_assessment_report/human/002070/WC500210680.pdf
BIOD00080,Link,http://www.google.com/patents/US5162504
BIOD00003,Link,http://www.patentgenius.com/patent/6927208.html
BIOD00055,Link,http://web.b.ebscohost.com.login.ezproxy.library.ualberta.ca/dynamed/detail?vid=9&sid=78010ea4-6f9c-4d5a-a7df-a148b3891321%40sessionmgr110&hid=123&bdata=JnNpdGU9ZHluYW1lZC1saXZlJnNjb3BlPXNpdGU%3d#db=dme&AN=232900
BIOD00104,Link,http://online.lexi.com.login.ezproxy.library.ualberta.ca/lco/action/doc/retrieve/docid/patch_f/797#f_pharmacology-and-pharmacokinetics
BIOD00040,Link,http://web.b.ebscohost.com.login.ezproxy.library.ualberta.ca/dynamed/detail?vid=7&sid=78010ea4-6f9c-4d5a-a7df-a148b3891321%40sessionmgr110&hid=123&bdata=JnNpdGU9ZHluYW1lZC1saXZlJnNjb3BlPXNpdGU%3d#db=dme&AN=356335
BIOD00053,Link,http://online.lexi.com.login.ezproxy.library.ualberta.ca/lco/action/doc/retrieve/docid/patch_f/6420#f_pharmacology-and-pharmacokinetics
BIOD00016,Link,http://search.ebscohost.com/login.aspx?direct=true&site=DynaMed&id=233015
BIOD00007,U.S. FDA Zinbryta (daclizumab)  Prescribing Information,https://www.accessdata.fda.gov/drugsatfda_docs/label/2016/761029s000lbl.pdf
BIOD00087,Link,http://search.ebscohost.com/login.aspx?direct=true&site=DynaMed&id=233015
BIOD00107,Link,http://www.google.ca/patents/US8226949
EXPT00965,Teratogenic mechanisms for medical drugs,https://academic.oup.com/humupd/article/16/4/378/798049
NUTR00026,Endari Approval Article,https://www.drugs.com/newdrugs/fda-approves-endari-l-glutamine-oral-powder-sickle-cell-4555.html?utm_source=ddc&utm_medium=email&utm_campaign=Today%27s+news+summary+-+July+8%2C+2017&utm_content=FDA+Approves+Endari+%28L-glutamine+oral+powder%29+for+Sickle+Cell+Disease
NUTR00022,HSDB: Creatine,https://toxnet.nlm.nih.gov/cgi-bin/sis/search2/r?dbs+hsdb:@term+@DOCNO+7336
EXPT03227,Link,http://lpi.oregonstate.edu/infocenter/vitamins/vitaminE/
APRD00147,MSDS  citalopram,https://www.spectrumchemical.com/MSDS/C2408ANSI-C2408AGHS.pdf
APRD00234,Link,http://www.minrad.com/clin/s347.html
APRD01198,Pfizer,http://www.pfizer.com/news/press-release/press-release-detail/u_s_fda_approves_lyrica_cr_pregabalin_extended_release_tablets_cv
DB06396,Link,http://en.wikipedia.org/wiki/Mesalamine
APRD00241,Link,https://www.pharmgkb.org/pathway/PA145011115
APRD00064,Link,http://www.bccancer.bc.ca/HPI/DrugDatabase/DrugIndexPro/Amsacrine.htm
APRD00247,Link,http://www.emedicine.com/ent/topic20.htm
APRD01101,Link,http://newdruginformation.com/Trest.htm
APRD00101,"Navelbine, PDR",http://www.pdr.net/drug-summary/Navelbine-vinorelbine-tartrate-2360
DB08625,Link,http://www.inchem.org/documents/pims/pharm/timolol.htm
APRD00941,Link,http://www.patient.co.uk/showdoc/30003042/
APRD00209,Link,http://www.bccancer.bc.ca/HPI/DrugDatabase/DrugIndexPro/Streptozocin.htm
APRD00201,Link,http://www.bccancer.bc.ca/HPI/DrugDatabase/DrugIndexPro/Gemcitabine.htm
APRD00020,Link,http://www.sigmaaldrich.com/catalog/search/ProductDetail/SIGMA/P7791
DB08002,TOXNET: Imipramine,http://toxnet.nlm.nih.gov/cgi-bin/sis/search2/r?dbs+hsdb:@term+@DOCNO+3100
APRD00269,Link,http://yosemite.epa.gov/oswer/CeppoEHS.nsf/Profiles/124-87-8?OpenDocument
APRD00373,Pfizer Medical Information,https://www.pfizermedicalinformation.ca/en-ca/celebrex/action-and-clinical-pharmacology
APRD00166,Link,http://www.patient.co.uk/showdoc/30002156/
APRD00984,Link,http://www.bccancer.bc.ca/HPI/DrugDatabase/DrugIndexPro/Flutamide.htm
APRD00538,Haldol Decanoate,https://www.medicines.org.uk/emc/product/968
APRD00312,"American Association for the Study of Liver Diseases; Infectious Diseases Society of America. HCV guidance. http://hcvguidelines.org. Accessed June 12, 2017.",http://hcvguidelines.org/full-report-view
APRD00558,"Pharmacology review, Nitazoxanide",https://www.accessdata.fda.gov/drugsatfda_docs/nda/2004/21-497_Alinia_Pharmr_P1.pdf
EXPT03217,Wikipedia Page on Vancomycin,https://en.wikipedia.org/wiki/Vancomycin
APRD00602,Nortriptyline Summary of Product Characteristics,https://www.hpra.ie/img/uploaded/swedocuments/LicenseSPC_PA1887-005-002_09092016171046.pdf
EXPT01688,Link,http://www.medicinenet.com/acetohydroxamic_acid-oral/article.htm
APRD00874,GlaxoSmithKline: NIMBEX injection product information,http://www.gsk.com.au/resources.ashx/prescriptionmedicinesproductschilddataproinfo/78/FileName/3B9D6BE9E90F11117038850DBCAFE2A1/PI_Nimbex.pdf
APRD00527,Link,http://www.sigmaaldrich.com/catalog/search/ProductDetail/SIGMA/D6899
APRD01086,Link,http://en.wikipedia.org/wiki/Mebendazole
APRD00548,Drugs.com,https://www.drugs.com/propoxyphene.html
APRD00983,Link,http://www.inchem.org/documents/pims/pharm/pim640.htm
DB05342,Clinical Trial NCT00299897,https://www.clinicaltrials.gov/ct2/show/NCT00299897
APRD00187,Pharmacokinetics of Risperidone: Clinical Summary,https://psychopharmacologyinstitute.com/antipsychotics/risperidone/pharmacokinetics-risperidone/
APRD00904,Link,http://www.nlm.nih.gov/medlineplus/druginfo/uspdi/203185.html
APRD00572,Link,http://en.wikipedia.org/wiki/Tetracycline
APRD01305,Link,http://home.intekom.com/pharm/hmr/rulide.html
APRD00099,New Zealand report,http://www.medsafe.govt.nz/profs/Datasheet/n/nardiltab.pdf
APRD01031,Significant Drug–Drug Interactions with Antineoplastics,https://www.ebi.ac.uk/chembl/target/inspect/CHEMBL1876
DB01693,"American Association for the Study of Liver Diseases; Infectious Diseases Society of America. HCV guidance. http://hcvguidelines.org. Accessed June 12, 2017.",http://hcvguidelines.org/full-report-view
APRD01260,Link,http://www.nlm.nih.gov/medlineplus/druginfo/uspdi/500541.html
APRD00960,Link,http://www.cancer.gov/Templates/drugdictionary.aspx?CdrID=355795
APRD00893,Link,http://www.nlm.nih.gov/medlineplus/druginfo/uspdi/202173.html
APRD00134,InChem Data Sheet,http://www.inchem.org/documents/pims/pharm/pim909.htm
APRD00092,Significant Drug–Drug Interactions with Antineoplastics,https://www.ebi.ac.uk/chembl/target/inspect/CHEMBL1876
APRD00547,Link,http://en.wikipedia.org/wiki/Minocycline
APRD01024,Link,http://newdruginformation.com/Hydroxystilbamidine_Isethionate.htm
APRD00216,Link,http://pharmgkb.org/pathway/PA166104634#
DB01287,Kegg,http://www.genome.jp/dbget-bin/www_bget?dr:D02268
DB08567,EMA Label: Zoloft; INN: sertraline,http://www.ema.europa.eu/docs/en_GB/document_library/Referrals_document/Zoloft_30/WC500007023.pdf
DB09440,MSDS,http://msds.orica.com/pdf/shess-en-cds-010-000000033835.pdf
APRD00398,FDA Label: SilenorTM (doxepin) tablets for oral administration,https://www.accessdata.fda.gov/drugsatfda_docs/label/2010/022036lbl.pdf
APRD00603,Citalopram ,https://comptox.epa.gov/dashboard/dsstoxdb/results?search=DTXSID8022826
APRD00025,Link,http://www.medscape.com/viewarticle/441915_3
APRD00493,Time magazine,http://time.com/4876098/new-hope-for-depression/
APRD00929,Link,http://www.medicinenet.com/diphenidol_hcl-oral/article.htm
APRD00701,National Institute of Mental Health,https://www.nimh.nih.gov/health/topics/depression/index.shtml
DB01256,Link,http://www.centerwatch.com/patient/drugs/dru946.html
EXPT00002,Link,http://www.medilexicon.com/drugs/prezista.php
DB01356,ILO: Lithium,http://www.ilo.org/dyn/icsc/showcard.display?p_card_id=0710
DB01403,Link,http://www.doctissimo.fr/medicament-NOZINAN.htm
DBSALT001032,Fittness uncovered,http://www.fitnessuncovered.co.uk/performance-drugs/profiles/testosterone-propionate
DB01463,Link,http://home.intekom.com/pharm/merckp/reactivn.html
DB01546,Link,http://isomerdesign.com/PiHKAL/read.php?domain=tk&id=11
DB01593,The emerging role of zinc transporters,https://www.nature.com/articles/sigtrans201729
DB01616,Spasmonal Package Insert,http://www.medicines.org.uk/EMC/medicine/24562/SPC/
DB08920,Link,http://www.mentalhealth.com/drug/p30-z03.html
EXPT03225,US Biological,http://www.usbio.net/item/O8070-50
EXPT01517,Pharmaceuticals and Medical Devices Agency (PMDA): Topiroxostat review,https://www.pmda.go.jp/files/000153624.pdf
DB06593,The NIH National Library of Medicine,http://www.nlm.nih.gov/medlineplus/druginfo/natural/patient-dhea.html
DB11280,Glucose injection (Viaflex bag) Product information,http://www.medsafe.govt.nz/profs/Datasheet/g/glucoseinjviaflex.pdf
DB11103,KEGG metabolism,http://www.genome.jp/kegg-bin/show_pathway?hsa00430
EXPT00247,Pyroglutamic acid: throwing light on a lightly studied metabolite,https://pdfs.semanticscholar.org/c50e/3ad15345b8901709d52d89f38c1c0fb6080c.pdf
DB04184,eMedicine,http://www.emedicinehealth.com/drug-acetic_acid_otic/article_em.htm
EXPT02456,European Medicines Agency (EMA): TEYSUNO (tegafur/gimeracil/oteracil) Summary of Product Characteristics,http://www.ema.europa.eu/docs/en_GB/document_library/EPAR_-_Product_Information/human/001242/WC500104415.pdf
EXPT02641,NIH Toxnet: Propionic Acid Profile,https://toxnet.nlm.nih.gov/cgi-bin/sis/search/a?dbs+hsdb:@term+@DOCNO+1192
EXPT02430,OLEIC ACID - National Library of Medicine HSDB Database - Toxnet,https://toxnet.nlm.nih.gov/cgi-bin/sis/search/a?dbs+hsdb:@term+@DOCNO+1240
DB05375,Trimesta,http://www.syntheticbiologics.com/trimesta
DB04796,Link,http://www.hybrigenics.com/Pharma/Pharma-Content/Inecalcitol-Development.html
DB09032,Link,https://clinicaltrials.gov/ct2/show/NCT01516203
DB04901,Link,http://www.freshpatents.com/Anti-cd80-antibody-having-adcc-activity-for-adcc-mediated-killing-of-b-cell-lymphoma-cells-alone-or-in-combination-with-other-therapies-dt20070322ptan20070065436.php?type=description
DB04948,FDA reports,https://www.fda.gov/downloads/AdvisoryCommittees/CommitteesMeetingMaterials/Drugs/PsychopharmacologicDrugsAdvisoryCommittee/UCM602419.pdf
DB04950,Link,http://www.wipo.int/pctdb/en/wo.jsp?WO=2004061120&IA=WO2004061120&DISPLAY=DESC
DB04978,Link,http://meeting.ascopubs.org/cgi/content/abstract/24/18_suppl/4080
DB04979,Link,http://www.cancer.gov/Templates/drugdictionary.aspx?CdrID=453546
DB05016,EMA Product Label,http://www.ema.europa.eu/docs/en_GB/document_library/EPAR_-_Product_Information/human/002720/WC500171813.pdf
DB05084,"Radius Health, Inc. Pipeline",http://radiuspharm.com/pipeline/
DB05217,Link,http://www.geminx.com/en/research/gmx1777.php
DB05218,Link,http://www.medicalnewstoday.com/articles/71766.php
DB05241,Link,http://www.exelixis.com/eortc/posters/AACR_NCI_EORTC2007_XL765_preclin.pdf
DB05257,Link,http://www.freepatentsonline.com/6235316.html
DB05311,"Kalbitor, INN-ecallantide - European Medicines Agency - Europa EU",http://www.ema.europa.eu/docs/en_GB/document_library/Application_withdrawal_assessment_report/human/002200/WC500122745.pdf
DB05332,Link,http://www.google.com/patents/US6835809
DB05521,"American Association for the Study of Liver Diseases; Infectious Diseases Society of America. HCV guidance. http://hcvguidelines.org. Accessed June 12, 2017.",http://hcvguidelines.org/full-report-view
DB05541,Briviact FDA Approval,http://www.ucb.com/stories-media/press-releases/article/U-S-FDA-approves-UCB-s-new-epilepsy-treatment-BRIVIACT-for-patients-with-partial-onset-seizures
DB05620,Pharmacokinetic Study of a Single Dose of AVI-4065 in Cerebral Spinal Fluid,https://clinicaltrials.gov/ct2/show/NCT00381433
DB05631,Link,http://clinicaltrials.gov/show/NCT00320502
DB05667,Link,http://www.diobex.com/dio902
DB05723,Link,http://www.alkermes.com/newsroom/showArticle.aspx?id=407
DB05777,Bloodjournal,http://www.bloodjournal.org/content/bloodjournal/80/5/1254.full.pdf?sso-checked=1
DB05851,Link,http://clinicaltrials.gov/ct2/show/NCT00004890?term=AIDS&lup_s=03%2F06%2F2013&lup_d=30
DB05875,Link,http://www.abcam.com/Substance-P-protein-ab9608.html
DB05889,European Medicines Agency (EMA): BESPONSA Summary of Product Characteristics,http://www.ema.europa.eu/docs/en_GB/document_library/EPAR_-_Product_Information/human/004119/WC500231261.pdf
DB05990,MSDS,http://www.selleckchem.com/msds/MSDS_S7660.pdf
DB06127,Link,http://clinicaltrials.gov/show/NCT00525330
DB06145,product info,https://www.drugs.com/mmx/spiramycin.html
DB06152,NyIidrin HCL: A BETA-SYMPATHETIC STIMULANT IN THE MANAGEMENT OF HAEMORRHAGIC SHOCK,https://pdfs.semanticscholar.org/1a78/f56fd773ac5e0c0a624812090e41ca12a7cd.pdf
DB06153,Paladin Labs - Product Monograph: SANDOMIGRAN (Pizotifen hydrogen malate 0.5 mg and 1 mg tablets),http://www.paladin-labs.com/our_products/Sandomigran_en.pdf
DB06154,Pentaerithrityl tetranitrate improves angiotensin II induced vascular dysfunction via induction of heme oxygenase-1,https://www.ncbi.nlm.nih.gov/pmc/articles/PMC3080599/
DB06202,EMA Summary of product characteristics,http://www.ema.europa.eu/docs/en_GB/document_library/EPAR_-_Product_Information/human/000977/WC500020092.pdf
DB06205,Link,http://www.cancer.gov/Templates/drugdictionary.aspx?CdrID=486735
DB06215,Feraheme PDR,http://www.pdr.net/drug-summary/Feraheme-ferumoxytol-1201
DB06217,European Medicines Agency Summary of product characteristics,http://www.ema.europa.eu/docs/en_GB/document_library/EPAR_-_Product_Information/human/001215/WC500097154.pdf
DB06224,Link,http://www.isispharm.com/product_pipeline.html
DB06230,European Medicines Agency (EMA) Summary of product characteristics: Selincro,http://www.ema.europa.eu/docs/en_GB/document_library/EPAR_-_Product_Information/human/002583/WC500140255.pdf
DB06234,Link,http://www.viropharma.com/Pipeline/Camvia.aspx
DB13081,Link,http://www.antisoma.com/asm/media/press/pr2007/2007-08-22/
DB06263," randomized, open-label, phase III trial comparing amrubicin versus docetaxel in patients with previously treated non-small-cell lung cancer",https://academic.oup.com/annonc/article/28/2/285/2676905
DB06273,FDA Press Announcements: FDA approves first drug to specifically treat giant cell arteritis,https://www.fda.gov/newsevents/newsroom/pressannouncements/ucm559791.htm
DB06274,Link,http://www.fda.gov/Safety/MedWatch/SafetyInformation/ucm194328.htm
DB06290,"American Association for the Study of Liver Diseases; Infectious Diseases Society of America. HCV guidance. http://hcvguidelines.org. Accessed June 12, 2017.",http://hcvguidelines.org/full-report-view
DB06307,Link,http://www.medicalnewstoday.com/articles/104218.php
DB06309,Link,http://www.medicalnewstoday.com/articles/84205.php
DB06323,Link,http://www.orthologic.com/research-development/AZX100modeofaction.php
DB06342,Link,http://www.cancer.gov/Templates/drugdictionary.aspx?CdrID=574048
DB06361,Recombinant soluble prostate-specific membrane antigen (rsPSMA) vaccine,http://ascopubs.org/doi/10.1200/jco.2004.22.14_suppl.2584
DB06366,Pertuzumab protein sequence,http://www.freepatentsonline.com/20110117097.pdf
DB06412,"Report on Carcinogens, Thirteenth Edition",http://ntp.niehs.nih.gov/ntp/roc/content/profiles/oxymetholone.pdf
DB06413,Link,http://www.medilexicon.com/drugs/nuvigil.php
DB06421,Link,http://www.prnewswire.co.uk/cgi/news/release?id=48518
DB06422,Link,http://scripts.iucr.org/cgi-bin/paper?S1600536802017683
DB06504,Alzheimer’s Therapy: GABA Receptor Inverse Agonists,http://cnsdiseases.com/alzheimers-therapy-gaba-receptor-inverse-agonists
DB06595,Cayman Midostaurin MSDS,http://www.chemblink.com/MSDS/MSDSFiles/120685-11-2_Clear%20Synth.pdf
DB06602,FDA approves Cinqair to treat severe asthma,https://www.fda.gov/NewsEvents/Newsroom/PressAnnouncements/ucm491980.htm
DB06603,Drugs of the Future - Panobinostat,https://journals.prous.com/journals/servlet/xmlxsl/pk_journals.xml_summary_pr?p_JournalId=2&p_RefId=1094476&p_IsPs=N
DB06607,EMA: Removab Withdrawal from Market,http://www.ema.europa.eu/docs/en_GB/document_library/Public_statement/human/000972/WC500231226.pdf
DB06616,Link,http://en.wikipedia.org/wiki/Philadelphia_chromosome
DB06643,Link,http://www.ema.europa.eu/docs/en_GB/document_library/EPAR_-_Public_assessment_report/human/001120/WC500093529.pdf
DB06655,Link,http://dailymed.nlm.nih.gov/dailymed/archives/fdaDrugInfo.cfm?archiveid=15776
DB06693,Pubchem,http://pubchem.ncbi.nlm.nih.gov/summary/summary.cgi?sid=49896293&viewopt=PubChem
DB06696,Antimicrobial agents and Chemotherapy,http://aac.asm.org/cgi/content/full/44/7/1925
DB06700,Link,http://www.pharmgkb.org/pathway/PA166014758
DB06719,Link,http://www.sanofi.ca
DB06736,"DailyMed: CLANZA CR- aceclofenac tablet, film coated ",https://dailymed.nlm.nih.gov/dailymed/drugInfo.cfm?setid=8a023942-01e8-4849-aa3c-1a640ffc7fd3
DB06752,Spine Health,https://www.spine-health.com/conditions/herniated-disc/whats-a-herniated-disc-pinched-nerve-bulging-disc
DB06755,Meeting the vitamin A requirements,https://www.hindawi.com/journals/tswj/2016/7393620/
DB06759,EMA Label: Vitravene (fomivirsen sodium) Summary of Product Characteristics,https://ec.europa.eu/health/documents/community-register/1999/199907293331/anx_3331_en.pdf
DB06767,product info,https://pubchem.ncbi.nlm.nih.gov/compound/ammonium_chloride#section=Absorption-Distribution-and-Excretion
DB05318,Oleoresin Capsicum Toxicology Evaluation and Hazard Review,http://prod.sandia.gov/techlib/access-control.cgi/1995/952129.pdf
DB06775,Carbaglu,http://www.ema.europa.eu/ema/index.jsp?curl=pages/medicines/human/medicines/000461/human_med_000685.jsp&murl=menus/medicines/medicines.jsp&mid=WC0b01ac058001d124&jsenabled=true
DB06776,"WikiDoc: Editor-In-Chief: C. Michael Gibson, M.S., M.D. ",https://www.wikidoc.org/index.php/Sodium_cellulose_phosphate
DB06778,Bacterial Killing by Dry Metallic Copper Surfaces,http://aem.asm.org/content/77/3/794.full
DB09538,FERRIC HEXACYANOFERRATE Toxnet ,https://toxnet.nlm.nih.gov/cgi-bin/sis/search/a?dbs+hsdb:@term+@DOCNO+7127
DB09412,Drugs.com,https://www.drugs.com/pro/gallium-citrate-ga-67.html
DB06787,WHOCC-ATC: Hexocyclium,https://www.whocc.no/atc_ddd_index/?code=A03AB10&showdescription=yes
DB06788,Link,http://www.supprelinla.com/
DB06796,European Medicines Agency (EMA): TESLASCAN Scientific Discussion,http://www.ema.europa.eu/docs/en_GB/document_library/EPAR_-_Scientific_Discussion/human/000137/WC500036332.pdf
DB06811,Link,http://ec.europa.eu/health/ph_risk/committees/04_sccp/docs/sccp_o_113.pdf
DB06812,"Iodophore activity, CDC",https://www.cdc.gov/hicpac/Disinfection_Sterilization/8_0Iodophors.html
DB06815,Pyrithione zinc - National Library of Medicine HSDB Database - Toxnet,https://toxnet.nlm.nih.gov/cgi-bin/sis/search/a?dbs+hsdb:@term+@DOCNO+4498
DB06816,HSDB: Pyrvinium,https://toxnet.nlm.nih.gov/cgi-bin/sis/search/a?dbs+hsdb:@term+@DOCNO+3178
DB12600,FDA label,"http://www.accessdata.fda.gov/drugsatfda_docs/label/2009/020572s016,020573s015lbl.pdf"
DB06826,Monogragh,http://www.rxlist.com/rescula-drug/clinical-pharmacology.htm
DB08604,ON THE FATE OF TRICLOSAN IN HUMANS,http://diss.kib.ki.se/2009/978-91-7409-510-4/thesis.pdf
DB08806,Product Insert,http://home.intekom.com/pharm/hmr/roxit.html
DB08814,MIMS,http://www.mims.com/malaysia/drug/info/triflusal?mtype=generic
DB05989,"FDA Approval Update May 17, 2017",https://www.drugs.com/newdrugs/fda-expands-approved-kalydeco-additional-mutations-cystic-fibrosis-4534.html?utm_source=ddc&utm_medium=email&utm_campaign=Today%27s+news+summary+-+May+18%2C+2017&utm_content=FDA+Expands+Approved+Use+of+Kalydeco+to+Treat+Additional+Mutations+of+Cystic+Fibrosis
DB08823,Link,http://dailymed.nlm.nih.gov/dailymed/lookup.cfm?setid=5cd2bff8-40cd-4e63-9907-77b80d774cb7
DB09548,Link,http://md.gehealthcare.com/files/pdfs/msds/datscan.pdf
DB08836,Clearance of Temocapril and Enalapril during Haemodialysis Treatment,http://link.springer.com/article/10.2165%2F00044011-199509040-00008
DB08862,Cholecystokinin Octapeptide,https://www.perkinelmer.com/Content/MSDSDatabase/MSDS_NEX203010UC_AU_EN.pdf
DB05083,J&J News,https://www.jnj.com/media-center/press-releases/janssen-announces-us-fda-approval-of-first-and-only-complete-single-pill-two-drug-regimen-juluca-dolutegravir-and-rilpivirine-for-the-treatment-of-hiv-1-infection
DB08870,Brentuximab vedotin: clinical updates and practical guidance,https://www.ncbi.nlm.nih.gov/pmc/articles/PMC5762734/
DB05665,"American Association for the Study of Liver Diseases; Infectious Diseases Society of America. HCV guidance. http://hcvguidelines.org. Accessed June 12, 2017.",http://hcvguidelines.org/full-report-view
DB05238,FDA  Vemurafenib application,https://www.accessdata.fda.gov/drugsatfda_docs/nda/2011/202429Orig1s000ClinPharmR.pdf
DB08886,Genbank Accession No. CAA32884: L-asparaginase [Dickeya chrysanthemi],https://www.ncbi.nlm.nih.gov/protein/CAA32884.1
DB08183,Link,http://www.accessdata.fda.gov/spl/data/34f69a09-8707-42ca-8cd1-33dabe698756/34f69a09-8707-42ca-8cd1-33dabe698756.xml
DB08904,Link,https://data.epo.org/publication-server/rest/v1.0/publication-dates/20110803/patents/EP1534753NWB1/document.html
DB08911,Drugs@FDA: FDA Approved Drug Products,https://www.accessdata.fda.gov/scripts/cder/daf/index.cfm?event=overview.process&varApplNo=204114
DB08912,Dabrafenib and Trametinib Treatment in Patients With Locally Advanced or Metastatic BRAF V600–Mutant Anaplastic Thyroid Cancer,http://ascopubs.org/doi/abs/10.1200/JCO.2017.73.6785
DB08916,Boehringer Ingelheim: FDA approves new indication for Gilotrif® in EGFR mutation-positive NSCLC,https://www.boehringer-ingelheim.us/press-release/fda-approves-new-indication-gilotrif-egfr-mutation-positive-nsclc
DB08930,FDA News and Events,https://www.fda.gov/NewsEvents/Newsroom/PressAnnouncements/ucm586305.htm
DB08934,"American Association for the Study of Liver Diseases; Infectious Diseases Society of America. HCV guidance. http://hcvguidelines.org. Accessed June 12, 2017.",http://hcvguidelines.org/full-report-view
DB08937,Link,http://clinicaltrials.gov/ct2/show/NCT01607957
DB08942,Evaluation of the Characteristics of Safety Withdrawal of Prescription Drugs from Worldwide Pharmaceutical Markets-1960 to 1999,http://dij.sagepub.com/content/35/1/293.abstract
DB08949,"Vitamin and Mineral Safety 3rd Edition (2013) Council for Responsible Nutrition (CRN); Niacin: Nicotinic Acid, Nicotinamide, and Inositol Hexanicotinate",https://www.crnusa.org/sites/default/files/files/resources/13-CRNVMS3-NIACIN.pdf
DB08964,CERVAGEM (Gemeprost) Product information,https://gp2u.com.au/static/pdf/C/CERVAGEM-PI.pdf
DB08998,Link,http://www.catalog.md/drugs/tinoran.html
DB09014,Link,http://chem.sis.nlm.nih.gov/chemidplus/rn/486-17-9
DB09027,"American Association for the Study of Liver Diseases; Infectious Diseases Society of America. HCV guidance. http://hcvguidelines.org. Accessed June 12, 2017.",http://hcvguidelines.org/full-report-view
DB09037,FDA news,https://www.fda.gov/Drugs/InformationOnDrugs/ApprovedDrugs/ucm610572.htm
DB09053,American Cancer Society,https://www.cancer.org/cancer/waldenstrom-macroglobulinemia/about/what-is-wm.html
DB09059,EMA: Tractocile Product Information,http://www.ema.europa.eu/docs/en_GB/document_library/EPAR_-_Product_Information/human/000253/WC500040495.pdf
DB09061,"FDA Briefing Document - Peripheral and Central Nervous System Drugs Advisory Committee Meeting (April 19, 2018)",https://www.fda.gov/downloads/AdvisoryCommittees/CommitteesMeetingMaterials/Drugs/PeripheralandCentralNervousSystemDrugsAdvisoryCommittee/UCM604736.pdf
DB09066,Gonadotrophins: The future,https://www.ncbi.nlm.nih.gov/pmc/articles/PMC4296397/
DB09070,Cardiovascular Effects of Tibolone: A Selective Tissue Estrogenic Activity Regulator,https://onlinelibrary.wiley.com/doi/full/10.1111/j.1527-3466.2007.00007.x
DB09081,EMA Product Label,http://www.ema.europa.eu/docs/en_GB/document_library/EPAR_-_Product_Information/human/003834/WC500193836.pdf
DB09083,hERG potassium channel inhibition by ivabradine may contribute to QT prolongation and risk of torsades de pointes,http://journals.sagepub.com/doi/abs/10.1177/2042098615595546
DB09084,Benzydamine - Tantum Verde,https://www.google.com/url?sa=t&rct=j&q=&esrc=s&source=web&cd=6&ved=0ahUKEwiF3q-XvdPaAhVCWq0KHUz4BQYQFghdMAU&url=http%3A%2F%2Fwww.tantum-verde.de%2Fpflichtangaben.html%3Ffile%3Dfiles%2Fpflichtangaben_upload%2FTANTUM_VERDE_Benzydamin.pdf&usg=AOvVaw2r3MBiTXb2XWY8xYv3SfGs
DB09087,What is alum?,https://www.thoughtco.com/what-is-alum-608508
DB09088,The Wood Library-Museum: Stovaine Profile,https://www.woodlibrarymuseum.org/museum/item/504/stovaine
DB09089,AA Pharma Inc.: TRIMEBUTINE product monograph,http://www.aapharma.ca/downloads/en/PIL/Trimebutine_PM.pdf
DB09090,BGP Pharma ULC: DICETEL (Pinaverium Bromide) product monograph,http://www.mylan.ca/-/media/mylanca/documents/english/product%20pdf/pdfs%20dec%202015/dicetel-pm-2016.01.08.pdf
DB09091,Clinical experience with tixocortol pivalate,http://downloads.hindawi.com/journals/cjgh/1988/819089.pdf
DB09092,Xanthinol,https://www.google.ca/url?sa=t&rct=j&q=&esrc=s&source=web&cd=7&cad=rja&uact=8&ved=0ahUKEwjIrefY-4TYAhWjyoMKHQmXAwoQFghIMAY&url=http%3A%2F%2Fwww.drugfuture.com%2Fmt%2Fxantinol-nicotinate.pdf&usg=AOvVaw2hzzAzSkuCgM5yKwbKzqnC
DB09094,product info,http://www.inchem.org/documents/pims/pharm/pim427.htm
DB09095,Medicine.ie,http://www.medicines.ie/medicine/1993/SPC
DB09097,NORPROLAC® (quinagolide) Product information,http://www.medicines.org.au/files/fppnorpt.pdf
DB09098,Wikipedia: Growth Hormone Therapy,https://en.wikipedia.org/wiki/Growth_hormone_therapy
DB09100,article,https://www.ncbi.nlm.nih.gov/pmc/articles/PMC4267409/
DB09102,American Liver Foundation: Advances in Medications to Treat Hepatitis C,http://hepc.liverfoundation.org/treatment/the-basics-about-hepatitis-c-treatment/advances-in-medications/
DB09103,Stemgen monograph,http://www.medicines.org.au/files/anpstemi.pdf
DB09104,Drugs.com,https://www.drugs.com/mtm/milk-of-magnesia.html
DB09106,Article,https://www.ncbi.nlm.nih.gov/pubmed/23881659
DB06279,Daily Med Micera Monograph,https://dailymed.nlm.nih.gov/dailymed/drugInfo.cfm?setid=4c6b7448-152f-435f-a672-7404b1bfe7eb
DB09108,Nuwiq Product Monograph,http://www.octapharma.ca/fileadmin/user_upload/octapharma.ca/Product_Monographs/NUWIQ-PM.pdf
DB09109,Australian report,https://www.tga.gov.au/sites/default/files/auspar-turoctocog-140507.pdf
DB09110,DynaMed,http://www.dynamed.com/home/
DB09114,Rob Holland,http://www.robholland.com/Nursing/Drug_Guide/data/monographframes/C111.html
DB09116,Encyclopedia,http://www.encyclopedia.com/education/encyclopedias-almanacs-transcripts-and-maps/calcium-carbimide
DB09118,European Medicines Agency (EMA): DIACOMIT Summary of Product Characteristics,http://www.ema.europa.eu/docs/en_GB/document_library/EPAR_-_Product_Information/human/000664/WC500036518.pdf
DB09120,Sanofi Canada: ZUACTA (zucapsaicin cream) product monograph,http://products.sanofi.ca/en/zuacta.pdf
DB09121,Arthritis Society: Rheumatoid Arthritis,https://www.arthritis.ca/about-arthritis/arthritis-types-(a-z)/types/rheumatoid-arthritis
DB09123,Bayer Inc: VISANNE (2mg dienogest tablets) Product Information,http://www.bayerresources.com.au/resources/uploads/pi/file10142.pdf
DB09124,Health Canada,https://health-products.canada.ca/dpd-bdpp/info.do?lang=en&code=759
DB09125,safety data sheet,http://www.adm.com/en-US/worldwide/australia/Documents/Potassium%20Citrate%20AU.pdf
DB09129,Wikipedia,https://en.wikipedia.org/wiki/Chromium(III)_chloride
DB09130,Product Monograph: Copper IUD,http://omr.bayer.ca/omr/online/nova-tpi-en-17feb2015.pdf
DB09131,inChem,http://www.inchem.org/documents/ukpids/ukpids/ukpid53.htm
DB09136,Drugs.com,https://www.drugs.com/pro/isosulfan-blue-injection.html
DB09139,Tc-99m compounds,http://eknygos.lsmuni.lt/springer/439/173-337.pdf
DB09140,Linde SDS,http://www.linde-gas.com/internet.global.lindegas.global/en/images/Compressed%20oxygen17_24367.pdf?v=1.0
DB09141,product info,http://www.rxlist.com/protamine-drug/indications-dosage.htm
DB06790,article,https://www.ncbi.nlm.nih.gov/pmc/articles/PMC1805051/
DB09147,Sunactive,https://taiyogmbh.com/en/sunactive-en/
DB09152,Product info,http://www.webmd.com/skin-problems-and-treatments/cryotherapy-for-warts
DB09153,Pubchem,https://pubchem.ncbi.nlm.nih.gov/compound/sodium_chloride
DB09159,SMPDB: Citric Acid Cycle,http://smpdb.ca/view/SMP00057
DB09157,product info,https://www.cdc.gov/niosh/idlh/124389.html
DB09158,FDA label,https://www.accessdata.fda.gov/drugsatfda_docs/label/2014/022278s003lbl.pdf
DB09505,Monograph,http://www.nuclearcardiologyseminars.net/articles/Tetrofosmin.pdf
DB09164,Dailymed Hepatolite product information (FDA Label),https://dailymed.nlm.nih.gov/dailymed/fda/fdaDrugXsl.cfm?setid=32c493f8-c4fa-4564-911b-ca2e1146c754
DB09166,World Health Organization: Etizolam (INN) Pre-Review Report ,https://erowid.org/pharms/etizolam/etizolam_article1_who_2016.pdf
DB09167,Alphapharm: DOTHEP (Dothiepin hydrochloride) Product information,http://www.medicines.org.au/files/afpdothe.pdf
DB09183,"American Association for the Study of Liver Diseases; Infectious Diseases Society of America. HCV guidance. http://hcvguidelines.org. Accessed June 12, 2017.",http://hcvguidelines.org/full-report-view
DB09194,Not in Pubmed,https://www.researchgate.net/publication/230039847_Nefazodone_A_Review_of_Its_Neurochemical_Mechanisms_Pharmacokinetics_and_Therapeutic_Use_in_Major_Depressive_Disorder
DB09195,Molecules 2016,https://www.google.ca/url?sa=t&rct=j&q=&esrc=s&source=web&cd=10&cad=rja&uact=8&ved=0ahUKEwj6xNae0d_YAhUiY98KHejwBPcQFgheMAk&url=http%3A%2F%2Fwww.mdpi.com%2F1420-3049%2F21%2F1%2F75%2Fs1&usg=AOvVaw11fr7ZS00i-2hlOa7d5w8q
DB09204,Clinical trials,https://clinicaltrials.gov/ct2/show/record/NCT02612298?view=results
DB09205,Jstage,https://www.jstage.jst.go.jp/article/jsma1939/45/6/45_6_739/_pdf
DB09209,WHO,http://apps.who.int/iris/bitstream/10665/39030/3/Codeine_1970_eng_part2.pdf
DB09210,electronic Medicines Compendium (eMC): Nootripil Summary of Product Characteristics,https://www.medicines.org.uk/emc/medicine/27470
DB09212,Roxonin,http://www.meppo.com/pdf/drugs/3019-ROXONIN-1440574468.pdf
DB09214,Analgesic properties of dexketoprofen trometamol,https://www.researchgate.net/profile/Jean_Sebastien_Walczak/publication/260947943_Analgesic_properties_of_dexketoprofen_trometamol/links/571a523008aee3ddc568f435/Analgesic-properties-of-dexketoprofen-trometamol.pdf
DB09215,WHO: Droxicam,https://www.whocc.no/atc_ddd_index/?code=M01AC04&showdescription=yes
DB09216,EMA,http://www.ema.europa.eu/docs/en_GB/document_library/Maximum_Residue_Limits_-_Report/2009/11/WC500015620.pdf
DB09219,FAMPH: Bisoxatin Summary of Product Characteristics,https://drive.google.com/open?id=0B2K5buBGjy5rejZjMGRTb0dDTEk
DB09220,UK Medicines and Healthcare products Regulatory Agency (MHRA): Nicorandil Tablets_Scientific Discussion,http://www.mhra.gov.uk/home/groups/par/documents/websiteresources/con105865.pdf
DB09221,Revision of Precautions for Poplaprezinc,https://www.pmda.go.jp/files/000219558.pdf
DB09222,FDA label,http://www.fda.gov/downloads/Biolog...ionatedPlasmaProducts/ucm094006.pdf
DB09223,ChemIDPlus: Blonanserin,https://chem.nlm.nih.gov/chemidplus/rn/132810-10-7
DB09224,Development of orally disintegrating tablets comprising controlled-release multiparticulate beads,https://www.ncbi.nlm.nih.gov/pmc/articles/PMC3497912/
DB09225,Zotepine monograph,http://www.drugfuture.com/mt/zotepine.pdf
DB09227,Vasexten (barnidipine hydrochloride modified release capsules) Summary of Product Characteristics,http://mri.cts-mrp.eu/download/NL_H_0199_002_FinalPI_2of3.pdf
DB09229,Researchgate,https://www.researchgate.net/publication/229817671_Aranidipine_MPC-1304_a_New_Dihydropyridine_Calcium_Antagonist_A_Review_of_Its_Antihypertensive_Action
DB09230,Calcium Channel Blocker Poisoning,https://www.uptodate.com/contents/calcium-channel-blocker-poisoning
DB09231,Springer,http://adisinsight.springer.com/drugs/800000001
DB09232,Medfacts,http://factmed.com/study-CILNIDIPINE%20(CILNIDIPINE)-causing-DRUG%20TOXICITY.php
DB09235, CHEMICAL IDENTIFICATION ,http://www.drugfuture.com/toxic/q113-q507.html
DB09236,Lacidipine Summary of Product Characteristics,http://mri.cts-mrp.eu/download/NL_H_2992_002_FinalSPC.pdf
DB09237,The Effects of Amlodipine and (S)-amlodipine on vascular endothelial function in patients with hypertension,https://watermark.silverchair.com/hpt138.pdf?token=AQECAHi208BE49Ooan9kkhW_Ercy7Dm3ZL_9Cf3qfKAc485ysgAAAZwwggGYBgkqhkiG9w0BBwagggGJMIIBhQIBADCCAX4GCSqGSIb3DQEHATAeBglghkgBZQMEAS4wEQQMWHHcRtiftFcpyYmqAgEQgIIBT0TWYsHv8ywPTrYnKynJEmx5qEKIDwxvsFOkDr4vrIe-OjEV0KmvBL1FCgQdlsL2yckevcwhGoNF3bYyCUTZ_C4iIMRJemgHFB_iosQ-ad1Z3Ki_JsZ7fffyVcbfKlKJdmZnlDbi-nKyi4ll4LM_E7ufIqq9UkKHlEnzDf7IdgOgFz8I0S3A9N-QJd0UJ35x5LQEbejftK1P99InfnBKvoJSdkcB99b7RpLk41t9U1YemXlVQEdgV9V-74ACwI9_0HSy17pkaEa4Fg0oiKZjC3FPATnmyjXCN4MMDwbZwjxuQfs9Y-VpTgZMMu_VZATObatFKxj1GLxvQN9rM9uaC-nggedPFPyLAg0p1ozRFYeBvUcFJCQLIEyo-PXpdm6gkNtIT_mHIeJKEheuOqF3w7_6J8L7Cxycc0C9EH5KdPI4iGJn9btf_KKQFwEoQxUH
DB09241,msds,https://www.fishersci.com/shop/msdsproxy?productName=BP117100&productDescription=METHYLENE+BLUE+100G&catNo=BP117-100&vendorId=VN00033897&storeId=10652
DB09242,Electronic Medicines Compedium Physiotens (Moxonidine) Monograph,https://www.medicines.org.uk/emc/medicine/22286
DB09244,Monamine oxide inhibitors,http://www.inchem.org/documents/pims/pharm/pimg025.htm
DB09245,Chemistry ,https://comptox.epa.gov/dashboard/dsstoxdb/results?search=Toloxatone
DB09255,Military trauma research,http://www.dtic.mil/dtic/tr/fulltext/u2/a217721.pdf
DB09256,UFT (uracil/tegafur) capsules_Product information,https://hemonc.org/docs/packageinsert/uraciltegafur.pdf
DB09257,European Medicines Agency (EMA): TEYSUNO (tegafur/gimeracil/oteracil) Summary of Product Characteristics,http://www.ema.europa.eu/docs/en_GB/document_library/EPAR_-_Product_Information/human/001242/WC500104415.pdf
DB09258,Bemiparin sodium,https://www.cancer.gov/publications/dictionaries/cancer-drug/def/bemiparin-sodium
DB09259,FDA orphan list,https://www.fda.gov/downloads/forindustry/developingproductsforrarediseasesconditions/howtoapplyfororphanproductdesignation/ucm162066.xls
DB09265,EMA Lixisenatide Assessment,http://www.ema.europa.eu/docs/en_GB/document_library/EPAR_-_Public_assessment_report/human/002445/WC500140449.pdf
DB09266,Electronic Medicines Compendium: Lymphoseek (technetium TC 99M tilmanocept) Monograph,https://www.medicines.org.uk/emc/product/2572/smpc
DB09267,Electronic Medicines Compedium Proteos (strontium ranelate) Monograph,https://www.medicines.org.uk/emc/product/5598/smpc
DB09269,MSDS,http://www.sciencelab.com/msds.php?msdsId=9927390
DB09270,Journal of Health Science,http://jhs.pharm.or.jp/data/55(4)/55_540.pdf
DB09273,Ansimar tablets Product Information,http://oep.com.ph/assets/upload/images/Ansimar_200_mg_tablet_with_new_licensor.pdf
DB09274,Artesunate Product Information,https://extranet.who.int/prequal/sites/default/files/documents/MA051part4v2.pdf
DB09275,FDA Label,http://www.accessdata.fda.gov/drugsatfda_docs/label/2017/050786s012lbl.pdf
DB09276,product info,http://products.sanofi.ca/en/myochrysine.pdf
DB09277,Society of nuclear medicine and molecular imaging,http://snmmi.files.cms-plus.com/Choline%20chloride%20C-11%20(3).pdf
DB05269,World Health Organization Model Formulary2008,http://apps.who.int/medicinedocs/documents/s16879e/s16879e.pdf
DB09280,The Canadian Drug Expert Committee (CDEC): Lumacaftor/Ivacaftor Recommendation,https://www.cadth.ca/sites/default/files/cdr/complete/cdr_complete_SR0379_Kalydeco_Dec-23-14.pdf
DB09281,Sciencedirect,http://www.sciencedirect.com/science/article/pii/B9780080552323620896
DB09282,Clinical Pharmacology of Antianginal Drugs,https://books.google.ca/books?id=nuXrCAAAQBAJ&pg=PA366&lpg=PA366&dq=molsidomine+liver+metabolism&source=bl&ots=qBCXm0vm5D&sig=lxa3AYTHHhiqJe-_8X94eUCSW_0&hl=en&sa=X&ved=0ahUKEwiXzM7rz7fZAhUD5mMKHcS0AmMQ6AEIczAJ#v=onepage&q=esterase&f=false
DB09285,Niflumic acid,http://www.medchemexpress.com/niflumic-acid.html
DB09286,PP232—Acute toxicity profile of pipamperone in overdose: A consecutive case series,https://www.researchgate.net/publication/270941129_PP232-Acute_toxicity_profile_of_pipamperone_in_overdose_A_consecutive_case_series
DB09288,Monograph,https://www.tga.gov.au/sites/default/files/foi-305-1112-1.pdf
DB09289,"The kappa opioid receptor: from addiction to depression, and back",https://www.frontiersin.org/articles/10.3389/fpsyt.2014.00170/full
DB09295,Talniflumate,http://www.drugfuture.com/chemdata/talniflumate.html
DB09296,Dailymed: Technivie,https://dailymed.nlm.nih.gov/dailymed/drugInfo.cfm?setid=85130606-e6a4-cf08-4bac-a460a30b0984
DB09297,"American Association for the Study of Liver Diseases; Infectious Diseases Society of America. HCV guidance. http://hcvguidelines.org. Accessed June 12, 2017.",http://hcvguidelines.org/full-report-view
DB11339,Metafishnet,http://mummichog.org/shuzhao/mfn1.9/humanpngs2/mfn1v9path123.png
DB09311,webmd,http://www.webmd.com/drugs/2/drug-6278/calcium-polycarbophil-oral/details
DB09313,Imaging-related medications: a class overview,https://www.ncbi.nlm.nih.gov/pmc/articles/PMC2014815/
DB09315,FDA label,https://www.accessdata.fda.gov/drugsatfda_docs/label/2011/017284s012lbl.pdf
DB09316,Monograph,https://www.drugs.com/sfx/thallous-chloride-tl-201-side-effects.html
DB09320,World Health Organization Model Prescribing Information: Drugs Used in Skin Diseases,http://apps.who.int/medicinedocs/en/d/Jh2918e/23.2.html
DB09321,product info,http://www.drugsupdate.com/generic/view/580/Zinc-Oxide
DB09322,DAILYMED,https://dailymed.nlm.nih.gov/dailymed/drugInfo.cfm?setid=1a03fe85-fdc9-4847-960f-1fc782d7d493
DB09323,monograph,https://www.drugs.com/cdi/penicillin-g-benzathine-suspension.html
DB09325,DRUGS.COM,https://www.drugs.com/cdi/sodium-fluoride.html
DB09326,article,https://www.ncbi.nlm.nih.gov/books/NBK23075/
DB09327,FDA presentations,https://www.fda.gov/ohrms/dockets/ac/99/slides/3540s1c/sld004.htm
DB09328,Drug Insert Vayarin,http://122.179.130.16/~vayarin/wp-content/uploads/2015/02/vayarin-60ct-outsert-ver-9.pdf
DB09329,Advate Product Monograph,https://www.shirecanada.com/-/media/shire/shireglobal/shirecanada/pdffiles/product%20information/advate-pm-en.pdf
DB09332,Menadione,https://toxnet.nlm.nih.gov/cgi-bin/sis/search/a?dbs+hsdb:@term+@DOCNO+3354
DB09333,Endocrinology association,https://www.thyroid.org/hyperthyroidism/
DB09336,FDA Submission,https://www.fda.gov/downloads/drugs/developmentapprovalprocess/formssubmissionrequirements/drugmasterfilesdmfs/ucm370723.txt
DB09338,Metabolic adaptation of renal carbohydrate metabolism. V.In vivo response of rat renal-tubule gluconeogenesis to different diuretics,https://link.springer.com/article/10.1007/BF00944073
DB09340,Drug dosing in renal insufficiency,https://books.google.ca/books?id=OavnCAAAQBAJ&pg=PA603&lpg=PA603&dq=tyropanoate+sodium+drug+information&source=bl&ots=lgdOlC83fh&sig=hX_ooOrR9qAoQvhVK-AMyJiP4ts&hl=en&sa=X&ved=0ahUKEwi80sKBouDZAhUT2WMKHRnDA3E4ChDoAQg4MAQ#v=onepage&q=tyropanoate%20sodium%20drug%20information&f=false
DB09341,Glucose injection (Viaflex bag) Product information,http://www.medsafe.govt.nz/profs/Datasheet/g/glucoseinjviaflex.pdf
DB09342,Propoxycaine Hydrochloride,http://www.pharmacopeia.cn/v29240/usp29nf24s0_m70480.html
DB09343,EMA.europa,http://www.ema.europa.eu/docs/en_GB/document_library/EPAR_-_Public_assessment_report/human/003897/WC500206248.pdf
DB09344,DCP monograph,https://mri.cts-mrp.eu/Human/Downloads/DE_H_3724_001_FinalPI_1of3.pdf
DB09345,Pubchem,https://pubchem.ncbi.nlm.nih.gov/compound/Pramocaine#section=Substances-by-Category
DB09346,Metrizoic Acid,https://www.sciencedirect.com/topics/immunology-and-microbiology/metrizoic-acid
DB09347,Water soluble contrast media,https://pdfs.semanticscholar.org/a628/88f1f574e2d105aa9bd7b7c3a9f91b29b938.pdf
DB09348,Science alert,https://scialert.net/fulltext/?doi=jbs.2013.521.527
DB09350,article,http://npic.orst.edu/factsheets/archive/pbotech.pdf
DB09352,product info,http://reference.medscape.com/drug/paremyd-hydroxyamphetamine-tropicamide-999448
DB09353,MSDS,http://pmep.cce.cornell.edu/profiles/extoxnet/pyrethrins-ziram/sulfur-ext.html
DB09357,ChemIDplus,https://chem.nlm.nih.gov/chemidplus/rn/81-13-0
DB00386,Reserpine-induced Reduction in Norepinephrine Transporter Function Requires Catecholamine Storage Vesicles,https://www.ncbi.nlm.nih.gov/pmc/articles/PMC2859979/
DB09372,database ,http://naturaldatabase.therapeuticresearch.com/nd/PrintVersion.aspx?id=217&AspxAutoDetectCookieSupport=1
DB09374,Pubchem,https://pubchem.ncbi.nlm.nih.gov/compound/indocyanine_green
DB09376,ChemIDPlus: Lapyrium Chloride,https://chem.nlm.nih.gov/chemidplus/rn/6272-74-8
DB09379,US Army Annual progress report,http://www.dtic.mil/dtic/tr/fulltext/u2/a021858.pdf
DB09381,article,http://hormonebalance.org/images/documents/Kuhl%2005%20%20Pharm%20Estro%20Progest%20Climacteric_1313155660.pdf
DB09394,inChem,http://www.inchem.org/documents/ukpids/ukpids/ukpid73.htm
DB09470,monograph,http://www.medsafe.govt.nz/Profs/datasheet/d/dblsodiumacetatesol.pdf
DB09398,article,https://oup.silverchair-cdn.com/oup/backfile/Content_public/Journal/jat/31/8/10.1093/jat/31.8.526/2/31-8-526.pdf?Expires=1486832749&Signature=gYf2KeNoTFpEpHy47hbt2SYABrAEBn0WI6sSBPjBiYq0kJ0FQgtHC80j17QdOaKnplUbk2ATGEeyxIlsStlQyyvA-Zh9qrMJCy6EGfFx02RHJ0swLeZ8Yht2ES0LQBjPD9j3PWH-WEteQC29M94tIng9ps~k9yzkvoSVyM4VRhre8SxPeGiqotS6uaTiqqh1uS7npqKE6Npo6hjTAgRcakyCkPQVTf8jqyJWVXd-9suXIb5ZwKPVIyfE22KmGkB3zkPYOMTaaE8IrkaZ0aNpi1k8D8BSorprJR5mYKh~2fV85QsZUNJNLWDOzA98EZHoks4GeXbJPdA3vKIjj4mzug__&Key-Pair-Id=APKAIUCZBIA4LVPAVW3Q
DB09407,ChemIDplus,https://chem.nlm.nih.gov/chemidplus/rn/7791-18-6
DB09409,TOXNET Magnesium compounds,https://toxnet.nlm.nih.gov/cgi-bin/sis/search/a?dbs+hsdb:@term+@DOCNO+7065
DB09413,Toxnet,https://toxnet.nlm.nih.gov/cgi-bin/sis/search/a?dbs+hsdb:@term+@DOCNO+5046
DB09414,MSDS,http://www.sciencelab.com/msds.php?msdsId=9924689
DB09418,Toxicological Profile For Perchlorates,https://www.atsdr.cdc.gov/toxprofiles/tp162-c3.pdf
DB09419,MedlinePlus: D-xylose absorption,https://medlineplus.gov/ency/article/003606.htm
DB09422,INTRALIPID (soybean oil emulsion) Dailymed drug label information,https://dailymed.nlm.nih.gov/dailymed/drugInfo.cfm?setid=b007eb60-e18e-4dbc-bf8d-1a3cf434a722
DB09446,SAFFLOWER OIL - National Library of Medicine HSDB Database - Toxnet - NIH,https://toxnet.nlm.nih.gov/cgi-bin/sis/search/a?dbs+hsdb:@term+@DOCNO+5153
DB09525,ChemIDPlus: Sodium Phosphate,https://chem.nlm.nih.gov/chemidplus/rn/7558-80-7
DB09459,Wikipedia,https://en.wikipedia.org/wiki/Tartaric_acid
DB09460,Pubchem,https://pubchem.ncbi.nlm.nih.gov/compound/sodium_carbonate
DB04077,DAILYMED,https://dailymed.nlm.nih.gov/dailymed/search.cfm?query=GLYCERIN
DB09476,Wikipedia,https://en.wikipedia.org/wiki/Sodium_sulfate
DB09479,Daily med,https://dailymed.nlm.nih.gov/dailymed/drugInfo.cfm?setid=ee95aa18-9f2f-40eb-9b4c-583bea6f36bf
DB09481,Toxnet,https://toxnet.nlm.nih.gov/cgi-bin/sis/search/a?dbs+hsdb:@term+@DOCNO+211
DB09484,Drug information,https://www.dailymed.nlm.nih.gov/dailymed/drugInfo.cfm?setid=c40be43e-3da9-441b-8cde-82a471b94012
DB09490,FDA label,https://www.accessdata.fda.gov/drugsatfda_docs/label/2003/in111med042403LB.pdf
DB09494,FDA OTC ingredients,https://www.fda.gov/downloads/AboutFDA/CentersOffices/CDER/UCM135688.pdf
DB09495,product info,https://www.drugs.com/mmx/avobenzone-octyl-methoxycinnamate-octyl-salicylate-and-oxybenzone.html
DB09496,The Dermatology Review: Octinoxate,http://www.thedermreview.com/octinoxate/
DB09499,database ,http://www.medsafe.govt.nz/profs/Datasheet/d/DBL-SodiumThiosulfateinj.pdf
DB09150,Wikipedia,https://en.wikipedia.org/wiki/Fludeoxyglucose_(18F)
DB09511,product info,https://www.drugcenter.com/drugs/talcum-powder/
DB09512,wikipedia,https://en.wikipedia.org/wiki/Simethicone
DB09516,ECHA: Mequinol ,https://echa.europa.eu/registration-dossier/-/registered-dossier/16005/7/2/2
DB09517,SODIUM FERRIC GLUCONATE COMPLEX IN SUCROSE MONOGRAPH,https://dailymed.nlm.nih.gov/dailymed/drugInfo.cfm?setid=fc374c01-f3ed-4920-920b-b19f20fd20a9
DB06369,21-256 Synthetic Human Secretin Pharmacology Review - FDA,https://www.accessdata.fda.gov/drugsatfda_docs/nda/2004/21-256_Synthetic%20Human%20Secretin_Pharmr.pdf
DB09534,Wikipedia,https://en.wikipedia.org/wiki/Ecamsule
DB09535,Skin care research,http://www.smartskincare.com/skinprotection/sunblocks/sunblock_octocylene.html
DB09536,Pubchem,https://pubchem.ncbi.nlm.nih.gov/compound/26042#section=Biological-Half-Life
DB09537,article,https://www.ncbi.nlm.nih.gov/pmc/articles/PMC2812878/
DB09540,FDA label,http://www.accessdata.fda.gov/drugsatfda_docs/label/2009/021654s023lbl.pdf
DB09543,Norwegian Food Safety Authority: Methyl salicylate risk review,https://www.mattilsynet.no/kosmetikk/stoffer_i_kosmetikk/risk_profile_methyl_salicylate.9877/binary/Risk%20Profile%20Methyl%20Salicylate
DB09552,CORTISPORIN-TC Otic Suspension (Monarch) with Neomycin and Hydrocortisone,https://www.drugs.com/drp/thonzonium-bromide.html
DB09555,Dexchlorpheniramine monograph,https://dailymed.nlm.nih.gov/dailymed/drugInfo.cfm?setid=1950f4d6-7fc2-44cd-9f7d-1359315353fc
DB09563,FDA label,https://www.accessdata.fda.gov/drugsatfda_docs/label/2012/203155s000lbl.pdf
DB09567,ChemIDPlus: Olive Oil,https://chem.nlm.nih.gov/chemidplus/unii/6UYK2W1W1E
DB09568,FDA reports,https://www.accessdata.fda.gov/drugsatfda_docs/nda/2014/205060Orig1s000PharmR.pdf
DB09571,Wikipedia,https://en.wikipedia.org/wiki/Levoamphetamine
DB10076,Dailymed Label: ACTHIB- haemophilus influenzae type b strain 1482 capsular polysaccharide tetanus toxoid conjugate antigen ,https://dailymed.nlm.nih.gov/dailymed/drugInfo.cfm?setid=8143d01c-4911-40db-95b2-47f3ebea2a7d
DB10307,CDC: About Rotavirus,https://www.cdc.gov/rotavirus/about/index.html
DB10318,CDC - About Chickenpox,https://www.cdc.gov/chickenpox/about/index.html
DB05902,Drug information,http://ballaratallergyclinic.com.au/public_documents/Sublingual%20Immunotherapy%20for%20House%20Dust%20Mite/(2016)%20ACTAIR%20HOUSE%20DUST%20MITE%20TABLET%20PI.pdf
DB10401,Drug information,http://ballaratallergyclinic.com.au/public_documents/Sublingual%20Immunotherapy%20for%20House%20Dust%20Mite/(2016)%20ACTAIR%20HOUSE%20DUST%20MITE%20TABLET%20PI.pdf
DB10770,Premarket Approval (PMA),https://www.accessdata.fda.gov/scripts/cdrh/cfdocs/cfpma/pma.cfm?id=p000036
DB10771,Excellagen,http://www.empr.com/excellagen/drug/7834/
DB10772,Molecular biology of keratinocyte differentiation.,https://www.ncbi.nlm.nih.gov/pmc/articles/PMC1567608/
DB10805,CDC - Yellow Fever Vaccine,https://www.cdc.gov/yellowfever/vaccine/index.html
DB10309,Havrix Monograph,http://healthsensetravelclinic.ca/wp-content/uploads/havrix.pdf
DB09520,FDA Monograph: Petrolatum,https://dailymed.nlm.nih.gov/dailymed/drugInfo.cfm?setid=f9164696-3128-4712-9276-e1d3e69dfd1b
DB11060,Pediatrics On Call: Polyvinyl Alcohol,https://www.pediatriconcall.com/drugs/polyvinyl-alcohol/1321
DB11062,MSDS,https://www.whatsinproducts.com/files/brands_pdf/1368132770.pdf
DB11063,Evaluation reports of Polysorbates,http://www.fsc.go.jp/english/evaluationreports/foodadditive/polysorbate_report.pdf
DB11064,product info,http://www.cosmeticsinfo.org/ingredient/homosalate-0
DB11065,EMA reports,http://www.ema.europa.eu/docs/en_GB/document_library/EPAR_-_Public_assessment_report/human/002070/WC500210680.pdf
DB11066,EMBL-EBI,https://www.ebi.ac.uk/interpro/potm/2003_5/Page1.htm
DB11071,Molecular Targets of Aspirin and Cancer Prevention,https://www.ncbi.nlm.nih.gov/pmc/articles/PMC4090734/
DB05748,Electronic Medicines Database: Calgel Teething Gel Monograph,https://www.medicines.org.uk/emc/product/259/smpc
DB11074,Dimethicone,https://www.ewg.org/skindeep/ingredient/702011/DIMETHICONE/#.WrLbYrYZN-U
DB11075,Hydroxypropyl methyl cellulose,http://www.lookchem.com/Hydroxypropyl-methyl-cellulose/
DB11077,The different faces of poly(ethylene glycol),http://www.pnas.org/content/pnas/94/16/8378.full.pdf
DB11079,Health Canada: Triethanolamine Salicylate (Trolamine) Label,https://www.canada.ca/en/health-canada/services/drugs-health-products/drug-products/applications-submissions/guidance-documents/nonprescription-drugs-labelling-standards/triethanolamine-salicylate-trolamine.html
DB11081,ALUMINUM CHLORIDE - National Library of Medicine HSDB ... - Toxnet,https://toxnet.nlm.nih.gov/cgi-bin/sis/search/a?dbs+hsdb:@term+@DOCNO+607
DB11082,product info,https://www.drugs.com/cdi/coal-tar-ointment.html
DB11085,INCHEM: Resorcinol Profile,http://www.inchem.org/documents/cicads/cicads/cicad71.htm#8.10
DB11089,Docusate sodium Drug Summary,http://www.pdr.net/drug-summary/Colace-Capsules-docusate-sodium-1023
DB11090,Dietary nitrite and nitrate: a review of potential mechanisms of cardiovascular benefits,https://www.ncbi.nlm.nih.gov/pmc/articles/PMC3489477/
DB11091,Chemical Summary for Hydrogen Peroxide - SSWM,https://www.sswm.info/sites/default/files/reference_attachments/OAK%20RIDGE%20NATIONAL%20LABORATORY%201995%20Chemical%20Summary%20of%20Hydrogen%20Peroxide.pdf
DB11093,HSDB: Calcium Compounds,https://toxnet.nlm.nih.gov/cgi-bin/sis/search2/r?dbs+hsdb:@term+@DOCNO+6931
DB11094,Vitamin D Supplementation: An Update,https://www.uspharmacist.com/article/vitamin-d-supplementation-an-update
DB11095,FDA label,http://www.accessdata.fda.gov/drugsatfda_docs/label/2014/021271s006lbl.pdf
DB11096,Dermapproved,http://dermapproved.com/active-ingredients/meradimate
DB11097,"European Medicines Agency: Community Herbal Monograph on Plantago afar L. et. Plantago indica L., semen",http://www.ema.europa.eu/docs/en_GB/document_library/Herbal_-_Community_herbal_monograph/2009/12/WC500018447.pdf
DB11098,Efferk monograph,http://www.efferk.com/images/PIEffer-K25.pdf
DB11100,Toxnet Toxicology Data Network: Allantoin,https://toxnet.nlm.nih.gov/cgi-bin/sis/search/a?dbs+hsdb:@term+@DOCNO+7490
DB11104,FDA label,https://www.accessdata.fda.gov/drugsatfda_docs/label/2016/203684s001lbl.pdf
DB11105,Food and Drug Administration: Safety and Effecrtiveness for Health Care Antiseptics; Topical Antimicrobial Drug Products for Over-the-Counter Human Use; Proposed Amendment of the Tentative Final Monograph; Reopening of Administrative Record,https://www.fda.gov/downloads/AboutFDA/ReportsManualsForms/Reports/EconomicAnalyses/UCM447035.pdf
DB11107,FDA CFR - Code of Federal Regulations Title 21 Sec. 184.1077 Potassium acid tartrate,https://www.accessdata.fda.gov/scripts/cdrh/cfdocs/cfcfr/CFRSearch.cfm?fr=184.1077
DB11110,Supplements manufacturer,https://www.nowfoods.com/supplements/magnesium-citrate-softgels
DB11112,An evaluation of the effect ov lanolin in healing nipple injuries,http://www.scielo.br/scielo.php?script=sci_arttext&pid=S0103-21002008000100002
DB11114,Sigma-Aldrich: Eucalyptus oil Profile,https://www.sigmaaldrich.com/life-science/nutrition-research/learning-center/plant-profiler/eucalyptus0.html
DB11115,"ENSULIZOLE: material safety data sheet - Cymit Quimica, SL",http://www.cymitquimica.com/uploads/products/45/pdf/1530809-msds.pdf
DB11117,Arkema: Oleris® Undecylenic acid,https://www.arkema.com/en/products/product-finder/product-viewer/Oleris-Undecylenic-acid/
DB11118,Ammonia - National Library of Medicine HSDB Database - Toxnet - NIH,https://toxnet.nlm.nih.gov/cgi-bin/sis/search/a?dbs+hsdb:@term+@DOCNO+162
DB11119,"Dailymed - IODOPEN SODIUM IODIDE- sodium iodide injection, solution ",https://dailymed.nlm.nih.gov/dailymed/drugInfo.cfm?setid=a601734d-e6f4-414e-8a13-f4c0c391b30b
DB11120,ChemIDplus,https://chem.nlm.nih.gov/chemidplus/rn/8006-64-2
DB11121,Electronic Medicines Compendium: Dettol (chloroxylenol) Liquid Monograph,https://www.medicines.org.uk/emc/product/5633
DB11123,SODIUM HYPOCHLORITE - National Library of Medicine Database - Toxnet,https://toxnet.nlm.nih.gov/cgi-bin/sis/search/a?dbs+hsdb:@term+@DOCNO+748
DB11125,BENZETHONIUM CHLORIDE - National Library of Medicine HSDB Database,https://toxnet.nlm.nih.gov/cgi-bin/sis/search/a?dbs+hsdb:@term+@DOCNO+567
DB11126,DRUGS.COM,https://www.drugs.com/mmx/calcium-gluceptate-and-calcium-gluconate.html
DB11127,Selenoprotein P,https://www.ncbi.nlm.nih.gov/pmc/articles/PMC2763998/
DB11129,CFR - Code of Federal Regulations Title 21: Sec. 310.534 Drug products containing active ingredients offered over-the-counter (OTC) for human use as oral wound healing agents.,https://www.accessdata.fda.gov/scripts/cdrh/cfdocs/cfcfr/CFRSearch.cfm?fr=310.534
DB11130,Health partners,https://www.healthpartners.com/ucm/groups/public/@hp/@public/@ime/@content/documents/documents/cntrb_031044.pdf
DB11131,Oleoresin Capsicum Toxicology Evaluation and Hazard Review,http://prod.sandia.gov/techlib/access-control.cgi/1995/952129.pdf
DB11133,Lovaza FDA Label,https://www.accessdata.fda.gov/drugsatfda_docs/label/2012/021654s034lbl.pdf
DB11134,European Food Safety Authority (EFSA): Copper(II) oxide as a source of copper added for nutritional purposes,https://efsa.onlinelibrary.wiley.com/doi/pdf/10.2903/j.efsa.2009.1089
DB11136,Dailymed Label: DIVISTA - chromium picolinate capsule ,https://dailymed.nlm.nih.gov/dailymed/drugInfo.cfm?setid=06c485cd-ee30-44f2-be63-bb98f8d1a907
DB11140,Drugs.com Sodium Chromate CR 51 product label,https://www.drugs.com/pro/sodium-chromate-cr-51.html
DB11143,IPCS INCHEM: p-cresol,http://www.inchem.org/documents/icsc/icsc/eics0031.htm
DB11145,IARC Monographs Volume 13,http://monographs.iarc.fr/ENG/Monographs/vol1-42/mono13.pdf
DB11148,Tesis ,https://openaccess.leidenuniv.nl/bitstream/handle/1887/12865/Thesis.pdf?sequence=1
DB11150,"NDA, Barium Sulfate",https://www.fda.gov/downloads/Drugs/DevelopmentApprovalProcess/DevelopmentResources/UCM489008.pdf
DB11151,Chlorine and sodium hydroxide,http://scifun.chem.wisc.edu/CHEMWEEK/ChlorineSodiumHydroxide2017.pdf
DB11153,"InCHEM, Potassium Hydroxide",http://www.inchem.org/documents/sids/sids/potassiumhyd.pdf
DB11155,"Triclocarban, PuBMED",https://pubchem.ncbi.nlm.nih.gov/compound/Triclocarban
DB11156,MSD vet manual,https://www.msdvetmanual.com/pharmacology/anthelmintics/pharmacokinetics-of-anthelmintics
DB11157,Prophase Definition,https://www.nature.com/scitable/definition/prophase-189
DB11158,ScienceDirect,https://www.sciencedirect.com/science/article/pii/S0921042396803005
DB11160,SMPDB: Phenyltoloxamine H1-Antihistamine Action,http://smpdb.ca/view/SMP58916
DB11164,Heart and stroke foundation,http://www.heartandstroke.ca/stroke/what-is-stroke
DB11166,ATryn monograph,https://dailymed.nlm.nih.gov/dailymed/drugInfo.cfm?setid=ed3eaf69-1cbd-4b01-a6fa-1fe02c90c3e1
DB11168,European Food Safety Authority (EFSA): Opinion on Calcium L-threonate for use as a source of calcium in food supplements,https://efsa.onlinelibrary.wiley.com/doi/epdf/10.2903/j.efsa.2008.866
DB11171,FDA Code of Federal Regulations,https://www.accessdata.fda.gov/scripts/cdrh/cfdocs/cfcfr/CFRSearch.cfm?fr=184.1307
DB11180,Tetrofosmin monograph,https://www3.gehealthcare.com/~/media/documents/us-global/products/nuclear-imaging-agents_non-gatekeeper/clinical%20product%20info/myoview/gehealthcare_myoview-30ml-prescribing-information.pdf?Parent=%7B8676C68D-813E-43A2-BBB8-036FD061A97B%7D
DB11185,"Derm Net NZ, Benzophenone",https://www.dermnetnz.org/topics/allergy-to-benzophenone/
DB11191,"Cobamamide, Drugs.com",https://www.drugs.com/international/cobamamide.html
DB11200,"Breast Cancer Organization, UK",https://www.breastcanceruk.org.uk/science-and-research/background-briefings/aluminium-salts/
DB11201,Medicine.net: menthol and methylsalicylate,https://www.medicinenet.com/methyl_salicylate_and_menthol-topical/article.htm
DB11202,IPCS INCHEM: Quaternary ammonium profile,http://www.inchem.org/documents/pims/chemical/pimg022.htm
DB11221,BENZOPHENONE - National Library of Medicine HSDB Database - Toxnet - NIH,https://toxnet.nlm.nih.gov/cgi-bin/sis/search/a?dbs+hsdb:@term+@DOCNO+6809
DB11226,Hallstar: SolaStay S1 Product Profile,https://www.hallstar.com/product/solastay-s1/
DB11228,Webmd,http://www.webmd.com/drugs/2/drug-6391/methylcellulose-laxative-oral/details
DB11234,FDA Packaging label: Shrimp-derived chitosan,https://www.fda.gov/downloads/Food/IngredientsPackagingLabeling/GRAS/NoticeInventory/ucm337459.pdf
DB11239,Influence of Lifestyle Factors on Breast Cancer Risk,https://www.karger.com/Article/Abstract/369571
DB11242,"Gelatin, Lab Grade",https://beta-static.fishersci.com/content/dam/fishersci/en_US/documents/programs/education/regulatory-documents/sds/chemicals/chemicals-g/S25335.pdf
DB11248,The pharmacokinetics of zinc from zinc gluconate: a comparison with zinc oxide in healthy men,https://www.researchgate.net/publication/7397767_The_pharmacokinetics_of_zinc_from_zinc_gluconate_a_comparison_with_zinc_oxide_in_healthy_men
DB11251,Researchgate,https://www.researchgate.net/publication/244357310_Antioxidant_activities_of_tocopherols
DB11254,IPCS INCHEM 4-Hexylresorcinol Profile,http://www.inchem.org/documents/jecfa/jecmono/v35je04.htm
DB11256,Dailymed L-Methyl-MC-NAC Tablets,https://dailymed.nlm.nih.gov/dailymed/archives/fdaDrugInfo.cfm?archiveid=177531
DB11271,Health Canada Approved ingredients list,https://www.canada.ca/en/public-health/services/antibiotic-antimicrobial-resistance/animals/veterinary-antimicrobial-sales-reporting/list-a.html
DB11278,Family Practice Notebook: Sympathomimetics,https://fpnotebook.com/Pharm/Alternative/Ephdrn.htm
DB11282,NIH Toxnet: Diethyltoluamide Profile,https://toxnet.nlm.nih.gov/cgi-bin/sis/search/a?dbs+hsdb:@term+@DOCNO+1582
DB11294,Spherusol Monograph,https://dailymed.nlm.nih.gov/dailymed/drugInfo.cfm?setid=77108624-4771-4886-a3e2-b2625c444d1b
DB11300,EMEA European Medicines Agency Withdrawal Assessment Report for Recothrom (thrombin alpha),http://www.ema.europa.eu/docs/en_GB/document_library/Application_withdrawal_assessment_report/human/001063/WC500076372.pdf
DB11304,"Simultaneous determination of phenoxyethanol and its major metabolite, phenoxyacetic acid, in rat biological matrices by LC–MS/MS with polarity switching: Application to ADME studies",https://www.sciencedirect.com/science/article/pii/S003991401530031X
DB11305,"Final Report on the Safety Assessment of Quaternium-18, Quaternium-18 Hectorite, and Quaternium-18 Bentonite",http://journals.sagepub.com/doi/pdf/10.3109/10915818209013148
DB11321,NIH NCCIH Clinical Digest for Health Professionals: Omega-3 Fatty Acids - What the Science Says,https://nccih.nih.gov/health/providers/digest/omega3s-science
DB11323,Clinical Pharmacokinetics of the Salicylates,https://link.springer.com/article/10.2165/00003088-198510020-00004
DB11324,"Nonivamide, a capsaicin analog, increases dopamine and serotonin release in SH‐SY5Y cells via a TRPV1‐independent pathway",https://onlinelibrary.wiley.com/doi/pdf/10.1002/mnfr.201200846
DB11326,Boric Acid - National Toxicology Program - NIH,https://ntp.niehs.nih.gov/ntp/htdocs/lt_rpts/tr324.pdf
DB11327,Fungicide,https://www.britannica.com/science/fungicide
DB11328,Sotradecol,http://www.angiodynamics.com/uploads/pdf/120711-044819_Sotradecol%20Dilution%20Chart.pdf
DB11332,"KL4 Surfactant, WindTree",http://www.windtreetx.com/kl4-surfactant-technology2/
DB11338,Eugenol Overview,https://www.sciencedirect.com/topics/agricultural-and-biological-sciences/eugenol
DB11341,Ichthyol official website,http://www.ichthyol.com/ichthammol_1.html
DB11345,CAMPHOR - National Library of Medicine HSDB Database,https://toxnet.nlm.nih.gov/cgi-bin/sis/search/a?dbs+hsdb:@term+@DOCNO+37
DB11053,HSDB: Calcium Phosphate,http://toxnet.nlm.nih.gov/cgi-bin/sis/search2/r?dbs+hsdb:@term+@DOCNO+879
DB11358,EMA,http://www.ema.europa.eu/docs/en_GB/document_library/Herbal_-_HMPC_assessment_report/2012/04/WC500124922.pdf
DB11359,Monograph,https://pubchem.ncbi.nlm.nih.gov/compound/guaiacol#section=Pharmacology-and-Biochemistry
DB11361,Liniment balsamic,https://vision1cycling.com/zdorove/116563-liniment-balzamicheskiy-po-vishnevskomu-za-i-protiv.html
DB11364,AIFA: Pidotimod Summary of Product Characteristics,https://drive.google.com/open?id=0B2K5buBGjy5rSHQ2dTFlVk5LazQ
DB11365,Senokot Tablet Product Information,https://www.medicines.org.uk/emc/medicine/6883
DB11431,Luxembourg Institute of Health,https://www.lih.lu/blog/our-news-1/post/a-new-treatment-against-river-blindness-lih-contributed-to-clinical-trials-for-moxidectin-194
DB11482,Health Canada,https://health-products.canada.ca/dpd-bdpp/dispatch-repartition.do
DB11563,Sebelipase alfa FDA Approval,http://www.fda.gov/NewsEvents/Newsroom/PressAnnouncements/ucm476013.htm
DB11570,FDA - CFR - Code of Federal Regulations Title 21: PART 352 -- SUNSCREEN DRUG PRODUCTS FOR OVER-THE-COUNTER HUMAN USE [STAYED INDEFINITELY],https://www.accessdata.fda.gov/scripts/cdrh/cfdocs/cfcfr/CFRSearch.cfm?fr=352.50
DB11571,EMEA European Medicines Agency Withdrawal Assessment Report for Recothrom (thrombin alpha),http://www.ema.europa.eu/docs/en_GB/document_library/Application_withdrawal_assessment_report/human/001063/WC500076372.pdf
DB11572,EMEA European Medicines Agency Withdrawal Assessment Report for Recothrom (thrombin alpha),http://www.ema.europa.eu/docs/en_GB/document_library/Application_withdrawal_assessment_report/human/001063/WC500076372.pdf
DB11574,"American Association for the Study of Liver Diseases; Infectious Diseases Society of America. HCV guidance. http://hcvguidelines.org. Accessed June 12, 2017.",http://hcvguidelines.org/full-report-view
DB11575,"American Association for the Study of Liver Diseases; Infectious Diseases Society of America. HCV guidance. http://hcvguidelines.org. Accessed June 12, 2017.",http://hcvguidelines.org/full-report-view
DB11577,Indigo carmine,https://www.sigmaaldrich.com/catalog/product/sigma/57000?lang=en&region=CA
DB11582,"Review of the toxicology, pharmacodynamics and pharmacokinetics of thiocolchicoside, a GABA-agonist muscle relaxant with anti-inflammatory and analgesic actions",https://www.researchgate.net/publication/291818675_Review_of_the_toxicology_pharmacodynamics_and_pharmacokinetics_of_thiocolchicoside_a_GABA-agonist_muscle_relaxant_with_anti-inflammatory_and_analgesic_actions
DB11583,Quaternary ammonium compounds,http://www.inchem.org/documents/pims/chemical/pimg022.htm#PartTitle:6.%20%20KINETICS
DB11584,Conditioned Place Preference,https://www.ncbi.nlm.nih.gov/books/NBK5229/
DB11585,"Chemical & Engineering News: After More Than A Decade, FDA Still Won't Allow New Sunscreens",https://cen.acs.org/articles/93/i20/Decade-FDA-Still-Wont-Allow.html
DB11586,Autralian Public Assessment,https://www.tga.gov.au/sites/default/files/auspar-asunaprevir-151214.pdf
DB11587,Dalmacol,http://sante.canoe.ca/drug/getdrug/dalmacol
DB11588,Praxair website,http://www.praxair.com/gases/buy-carbon-monoxide-gas
DB11589,FDA Code of Federal Regulations (CFR) Title 21 Sec. 868.1670 Neon gas analyzer,https://www.accessdata.fda.gov/scripts/cdrh/cfdocs/cfcfr/CFRSearch.cfm?fr=868.1670
DB11590,Material Safety Data Sheet Thimerosal MSDS,http://www.sciencelab.com/msds.php?msdsId=9925236
DB11596,product info,http://davisplus.fadavis.com/3976/meddeck/pdf/levoleucovorincalcium.pdf
DB11597,RhoGam (Rho(D) Immune Globulin intramuscular injection) product information,http://www.ctint.org/inserts/RhoGam_insert.pdf
DB11598,FDA label,https://www.fda.gov/downloads/BiologicsBloodVaccines/BloodBloodProducts/ApprovedProducts/LicensedProductsBLAs/FractionatedPlasmaProducts/UCM134045.pdf
DB11601,World Health Organization Model List of Essential Medicines (19th List),http://www.who.int/medicines/publications/essentialmedicines/EML_2015_FINAL_amended_NOV2015.pdf?ua=1
DB11602,Cellosize product information,http://www.dow.com/assets/attachments/industry/building_construction/Cellosize_brochure.pdf
DB11605,Myrrh Monograph Natural Medicines Database,"https://naturalmedicines.therapeuticresearch.com/databases/food,-herbs-supplements/professional.aspx?productid=570"
DB11606,Obizur Product Information,http://www.guildlink.com.au/gc/ws/zi/pi.cfm?product=zipobizu10317
DB11610,KEGG: Oxilofrine,http://www.genome.jp/dbget-bin/www_bget?dr:D08314
DB11611,FDA Clinical Pharmacology and Biopharmaceutics Review,https://www.accessdata.fda.gov/drugsatfda_docs/nda/2016/208073Orig1s000ClinPharmR.pdf
DB11613,"American Association for the Study of Liver Diseases; Infectious Diseases Society of America. HCV guidance. http://hcvguidelines.org. Accessed June 12, 2017.",http://hcvguidelines.org/full-report-view
DB11619,Gestrinone,https://www.ebi.ac.uk/chembl/compound/inspect/CHEMBL1868702
DB11621,Virizig,http://varizig.com/capage/_uploads/documents/VariZIG_approved_PM_Jan_2008_English.pdf
DB11626,EMA: Tasonermin Scientific Discussion,http://www.ema.europa.eu/docs/en_GB/document_library/EPAR_-_Scientific_Discussion/human/000206/WC500052375.pdf
DB10993,Engerix-B Monograph ,http://ca.gsk.com/media/590068/engerix-b.pdf
DB11630,EMA: Temoporfin Scientific Discussion,http://www.ema.europa.eu/docs/en_GB/document_library/EPAR_-_Scientific_Discussion/human/000318/WC500024394.pdf
DB11632,"Pharmacological Profile of Opicapone, a Third Generation Nitrocatechol COMT Inhibitor, in the Rat",https://www.fasebj.org/doi/abs/10.1096/fasebj.29.1_supplement.771.15
DB11633,"EMA Label: Cresemba, Isavuconazole - European Medicines Agency - Europa EU",http://www.ema.europa.eu/docs/en_GB/document_library/EPAR_-_Product_Information/human/002734/WC500196128.pdf
DB11635,α-TOCOPHEROL β-OXIDATION LOCALIZED TO RAT LIVER MITOCHONDRIA,https://www.ncbi.nlm.nih.gov/pmc/articles/PMC2818260/
DB11637,"Deltyba, INN-Delamanid - European Medicines Agency - Europa EU",http://www.ema.europa.eu/docs/en_GB/document_library/EPAR_-_Product_Information/human/002552/WC500166232.pdf
DB11638,WHO: Guidelines for the Treatment of Malaria 3rd Edition,http://apps.who.int/iris/bitstream/10665/162441/1/9789241549127_eng.pdf?ua=1&ua=1
DB11639,EMA Label: InductOs Summary of Product Characteristics,http://www.ema.europa.eu/docs/en_GB/document_library/EPAR_-_Product_Information/human/000408/WC500032317.pdf
DB11640,Harvard Law Blog: Jacobus and Catalyst Continue to Race for Approval of LEMS Drug,http://blogs.harvard.edu/billofhealth/2016/02/22/jacobus-and-catalyst-approval/
DB11641,EMA Label (SUMMARY OF PRODUCT CHARACTERISTICS): Javlor,http://www.ema.europa.eu/docs/en_GB/document_library/EPAR_-_Product_Information/human/000983/WC500039604.pdf
DB11642,"Wakix, INN-pitolisant - European Medicines Agency - Europa EU: Assessment report",http://www.ema.europa.eu/docs/en_GB/document_library/EPAR_-_Public_assessment_report/human/002616/WC500204749.pdf
DB11644,PFIZER RECEIVES FDA FAST TRACK DESIGNATION FOR TAFAMIDIS FOR TRANSTHYRETIN CARDIOMYOPATHY,http://www.pfizer.com/news/press-release/press-release-detail/pfizer_receives_fda_fast_track_designation_for_tafamidis_for_transthyretin_cardiomyopathy
DB11699,Article,https://www.ncbi.nlm.nih.gov/pmc/articles/PMC2014558/
DB11703,Astra Zeneca Press Release: US FDA Approves Astrazeneca's Calquence for Adult Patients with Previously-Treated Mantle Cell Lymphoma,https://www.astrazeneca.com/content/astraz/media-centre/press-releases/2017/us-fda-approves-astrazenecas-calquence-acalabrutinib-for-adult-patients-with-previously-treated-mantle-cell-lymphoma-24102017.html#!
DB11712,Vertex news,http://investors.vrtx.com/releasedetail.cfm?releaseid=1038173
DB11714,Durvalumab IMGT/mAb-DB card,http://www.imgt.org/mAb-DB/mAbcard?AbId=528
DB11730,FDA approval,https://novartis.gcs-web.com/LEE011-US-FDA-Approval
DB11735,ScienceDirect: Galactose Profile,https://www.sciencedirect.com/topics/medicine-and-dentistry/galactose
DB11737,Wikipedia,https://en.wikipedia.org/wiki/Icotinib
DB11767,Kevzara product monograph,https://pdf.hres.ca/dpd_pm/00037766.PDF
DB11776,article,https://www.ncbi.nlm.nih.gov/pubmed/24846347
DB11793,FDA label,https://www.accessdata.fda.gov/drugsatfda_docs/label/2017/208447lbl.pdf
DB11799,BICTEGRAVIR SODIUM,https://pubchem.ncbi.nlm.nih.gov/compound/122197537
DB11827,Clinical trials,https://clinicaltrials.gov/ct2/show/results/NCT02411929?sect=Xgf0156#outcome10
DB11901,FDA Press Announcements: FDA approves new treatment for a certain type of prostate cancer using novel clinical trial endpoint,https://www.fda.gov/NewsEvents/Newsroom/PressAnnouncements/ucm596768.htm
DB11921,FDA label,"http://www.accessdata.fda.gov/drugsatfda_docs/label/2017/208684s000,208685s000lbl.pdf"
DB11945,IMGT/mAb-DB card: Avelumab ,http://imgt.org/mAb-DB/mAbcard?AbId=512
DB05985,Binimetinib inhibits MEK and is effective against neuroblastoma tumor cells with low NF1 expression,https://bmccancer.biomedcentral.com/articles/10.1186/s12885-016-2199-z
DB11988,FDA Press Announcements: FDA approves new drug to treat multiple sclerosis,https://www.fda.gov/NewsEvents/Newsroom/PressAnnouncements/ucm549325.htm
DB11989,FDA: Benznidazole Announcement,https://www.fda.gov/newsevents/newsroom/pressannouncements/ucm573942.htm
DB11994,WHO Diacerein: Restricted Use,http://www.who.int/medicines/publications/druginformation/DI_28-2_SafetyEfficacy.pdf
DB11995,Avatrombopag Gains FDA Approval for Patients with Chronic Liver Disease,https://www.specialtypharmacytimes.com/news/avatrombopag-gains-fda-approval-for-patients-with-chronic-liver-disease
DB12001,FDA approves new treatment for certain advanced or metastatic breast cancers,https://www.fda.gov/NewsEvents/Newsroom/PressAnnouncements/ucm578071.htm
DB12010,Fostamatinib FDA Approval,https://www.fda.gov/drugs/informationondrugs/approveddrugs/ucm604956.htm
DB06024,Astra Zeneca news,https://www.astrazeneca.com/media-centre/press-releases/2017/fasenra-benralizumab-receives-us-fda-approval-for-severe-uncontrolled-eosinophilic-asthma-14112017.html
DB12026,FDA News Release: FDA approves Vosevi for Hepatitis C,https://www.fda.gov/newsevents/newsroom/pressannouncements/ucm567467.htm
DB12070,FDA Approved Drugs: Letermovir,https://www.accessdata.fda.gov/scripts/cder/daf/index.cfm?event=overview.process&applno=209939
DB12095,FDA Review- Telotristat ,http://www.lexpharma.com/media-center/news/525-fda-extends-pdufa-date-for-telotristat-etiprate-for-the-treatment-of-carcinoid-syndrome
DB12159,FDA Approval,https://www.fda.gov/NewsEvents/Newsroom/PressAnnouncements/ucm549078.htm
DB12243,Mitsubishi Tanabe Pharma Corporation Radicut Label,http://www.e-search.ne.jp/~jpr/PDF/MT18.PDF
DB12267,FDA Reports,https://www.accessdata.fda.gov/drugsatfda_docs/nda/2017/208772Orig1s000MultidisciplineR.pdf
DB12278,The N-Oxide Metabolite Contributes to Bladder Selectivity Resulting from Oral Propiverine: Muscarinic Receptor Binding and Pharmacokinetics,http://dmd.aspetjournals.org/content/38/8/1314
DB12328,NLM Toxnet: Catharidine,https://toxnet.nlm.nih.gov/cgi-bin/sis/search/a?dbs+hsdb:@term+@DOCNO+2181
DB12332,FDA List of Cleared or Approved Companion Diagnostic Devices (In Vitro and Imaging Tools),https://www.fda.gov/MedicalDevices/ProductsandMedicalProcedures/InVitroDiagnostics/ucm301431.htm
DB12483,FDA Press Announcements: FDA approves new treatment for adults with relapsed follicular lymphoma,https://www.fda.gov/NewsEvents/Newsroom/PressAnnouncements/ucm576129.htm
DB12532,EMA Herbal substances,http://www.ema.europa.eu/ema/pages/includes/document/open_document.jsp?webContentId=WC500163679
DB12598,FDA Executive Summary,https://www.fda.gov/downloads/AdvisoryCommittees/CommitteesMeetingMaterials/PediatricAdvisoryCommittee/UCM543963.pdf
DB05435,Monotherapy With Anti-CD4 Monoclonal Antibody  Cuts Viral Load 10-Fold in 7 Days ,http://www.natap.org/2016/IDSA/IDSA_10.htm
DB05216,Product Announcement,http://www.emaxhealth.com/95/13668.html
DB12783,Electronic Medicines Compendium: Madopar (levodopa/benserazide hydrochloride) 200mg/50mg Hard Capsules Monograph,https://www.medicines.org.uk/emc/product/6926/smpc
DB12839,"FDA Press Announcements: FDA approves a new treatment for PKU, a rare and serious genetic disease",https://www.fda.gov/NewsEvents/Newsroom/PressAnnouncements/ucm608835.htm
DB12865,FDA label,https://www.accessdata.fda.gov/drugsatfda_docs/label/2017/208325Orig1s000Lbledt.pdf
DB12872,Hemophilia,https://www.hemophilia.org/Newsroom/Medical-News/FDA-Approves-First-Recombinant-von-Willebrand-Factor-Therapy
DB12965,"SILVER, ELEMENTAL - National Library of Medicine HSDB Database - Toxnet",https://toxnet.nlm.nih.gov/cgi-bin/sis/search/a?dbs+hsdb:@term+@DOCNO+5034
DB05709,Meclocycline Phase II Trial: Oral Mucositis,https://clinicaltrials.gov/ct2/show/NCT00385515
DB13133,National Institute for Health Research,http://www.io.nihr.ac.uk/wp-content/uploads/migrated/Vonicog-alfa-Feb16.pdf
DB05761,Sciencedirect,http://www.sciencedirect.com/science/article/pii/B978032301840150013X
DB13140,FDA Monograph for Zinplava,http://www.accessdata.fda.gov/drugsatfda_docs/label/2016/761046s000lbl.pdf
DB13142,Drug Information,http://davisplus.fadavis.com/3976/meddeck/pdf/calciumglubionate.pdf
DB13144,ChemIDPlus,https://chem.nlm.nih.gov/chemidplus/rn/135968-09-1
DB13146,FDA Reports,https://www.accessdata.fda.gov/drugsatfda_docs/nda/2016/208054Orig1s000PharmR.pdf
DB13147,FDA approval,https://www.accessdata.fda.gov/drugsatfda_docs/nda/2010/022523_pancreaze_toc.cfm
DB13150,KCENTRA monograph ,https://dailymed.nlm.nih.gov/dailymed/drugInfo.cfm?setid=eee1afb8-324c-42e4-8bf0-f0c9da5e6d42
DB13152,NCBI,https://www.ncbi.nlm.nih.gov/gene?Cmd=DetailsSearch&Term=2158
DB13153,NCBI,https://www.ncbi.nlm.nih.gov/pmc/articles/PMC2958188/
DB13154,ChemSpider,http://www.chemspider.com/Chemical-Structure.13875219.html
DB13155,Toxnet,https://chem.nlm.nih.gov/chemidplus/rn/531-75-9
DB13156,Pubchem,https://pubchem.ncbi.nlm.nih.gov/compound/inosine
DB13157,US Patent 3211614,https://patentimages.storage.googleapis.com/ac/fe/8b/4510bbea246636/US3211614.pdf
DB13158,ChemIdplus,https://chem.nlm.nih.gov/chemidplus/rn/25122-57-0
DB13161,CENTER FOR DRUG EVALUATION AND RESEARCH ,http://www.accessdata.fda.gov/drugsatfda_docs/nda/2016/209531Orig1s000ClinPharmR.pdf
DB13164,Hanmi Pharmaceutical Olmutinib Phase I Poster,http://www.hanmi.co.kr/hanmi/img/rnd/2013_WCLC_(HM61713).pdf
DB13168,Wikipedia,https://en.wikipedia.org/wiki/Omega-6_fatty_acid
DB06377,FDA label,http://www.accessdata.fda.gov/drugsatfda_docs/label/2017/208745lbl.pdf
DB13173,"Intracerebroventricular Cerliponase Alfa (BMN 190) in Children with CLN2 Disease: Interim Results from a Phase 1/2, Open-Label, Dose-Escalation Study",https://www.thieme-connect.com/products/ejournals/abstract/10.1055/s-0036-1583718
DB13175,Human Metabolome Database: Rheinanthrone,http://www.hmdb.ca/metabolites/HMDB39449
DB11196,FDA code of federal regulations,https://www.accessdata.fda.gov/scripts/cdrh/cfdocs/cfcfr/CFRSearch.cfm?fr=184.1370
DB13192,Dailymed,https://dailymed.nlm.nih.gov/dailymed/drugInfo.cfm?setid=2f77d685-e382-b2e7-2414-0d3a3448688a
DB13198,Digestion of Nucleic Acids Starts in the Stomach,https://www.nature.com/articles/srep11936
DB13200,Therapeutic Goods Administration (TGA) product Information: Lonquex,https://www.tga.gov.au/sites/default/files/auspar-lipegfilgrastim-rbe-160223-pi.pdf
DB13209,BISMUTH SUBNITRATE - National Library of Medicine HSDB Database - Toxnet,https://toxnet.nlm.nih.gov/cgi-bin/sis/search/a?dbs+hsdb:@term+@DOCNO+1608
DB13231,FDA CFR - Code of Federal Regulations Title 21: Sec. 184.1207 Calcium lactate,https://www.accessdata.fda.gov/scripts/cdrh/cfdocs/cfcfr/CFRSearch.cfm?fr=184.1207&SearchTerm=calcium%20lactate
DB13235,EPA,https://www.epa.gov/pesticides
DB13249,Toxnet,https://toxnet.nlm.nih.gov/cgi-bin/sis/search/a?dbs+hsdb:@term+@DOCNO+5823
DB13257,Effect of oral iron supplementation on oxidative stress and colonic in ̄ammation in rats with induced colitis,https://onlinelibrary.wiley.com/doi/pdf/10.1046/j.1365-2036.2001.01113.x
DB13268,NIH,https://meshb.nlm.nih.gov/record/ui?name=Protozoan%20Infections
DB13269,Health Canada,https://health-products.canada.ca/dpd-bdpp/dispatch-repartition.do
DB13293,FDA Poisonous Plant Database,https://www.accessdata.fda.gov/scripts/plantox/detail.cfm?id=10095
DB13345,ANVISA,https://www.smerp.com.br/anvisa/?ac=prodDetail&anvisaId=108970015
DB13421,Wikigenes,https://www.wikigenes.org/e/chem/e/66377.html
DB13444,Health Canada,https://health-products.canada.ca/dpd-bdpp/dispatch-repartition.do
DB13456,Health Canada Approved ingredients list,https://www.canada.ca/en/public-health/services/antibiotic-antimicrobial-resistance/animals/veterinary-antimicrobial-sales-reporting/list-a.html
DB13518,ALGINIC ACID - National Library of Medicine HSDB Database - Toxnet,https://toxnet.nlm.nih.gov/cgi-bin/sis/search/a?dbs+hsdb:@term+@DOCNO+2967
DB13595,ScienceDirect: Aluminosilicate Profile,https://www.sciencedirect.com/topics/earth-and-planetary-sciences/aluminosilicate
DB13615,"EMA Summary of product characteristics: Mepact, INN-mifamurtide",http://www.ema.europa.eu/docs/en_GB/document_library/EPAR_-_Product_Information/human/000802/WC500026565.pdf
DB13620,Regulation of Potassium Homeostasis,http://cjasn.asnjournals.org/content/early/2014/04/30/CJN.08580813.full.html
DB13707,Tartrates,http://www.harke.com/index.php?tx_hkcatalog_pi1%5Bproductid%5D=872&tx_hkcatalog_pi1%5Bcountry%5D=9999&tx_hkcatalog_pi1%5Blegal%5D=294
DB13746,HSDB: Allethrins,http://toxnet.nlm.nih.gov/cgi-bin/sis/search2/r?dbs+hsdb:@term+@DOCNO+1511
DB13749,Study of magnesium bioavailability from ten organic and inorganic Mg salts in Mg-depleted rats using a stable isotope approach,http://www.jle.com/download/mrh-267774-study_of_magnesium_bioavailability_from_ten_organic_and_inorganic_mg_salts_in_mg_depleted_rats_using_a_stable_isotope_approach--WuiPHn8AAQEAADOFX1sAAAAH-a.pdf
DB13751,Health Canada,https://health-products.canada.ca/dpd-bdpp/dispatch-repartition.do
DB13761,Lacdigest monograph,https://compendium.ch/mpro/mnr/23598/html/fr?Platform=Desktop
DB13783,Vademecum,http://mx.prvademecum.com/producto.php?producto=4873
DB13800,Dietary Reference Intakes for Calcium and Vitamin D,https://www.ncbi.nlm.nih.gov/books/NBK56060/
DB13813,IODOFORM - National Library of Medicine HSDB Database - Toxnet - NIH,https://toxnet.nlm.nih.gov/cgi-bin/sis/search/a?dbs+hsdb%3A%40term+%40DOCNO+4099
DB13853,Anethole trithione liposome and its prepn,https://patents.google.com/patent/CN1771938A/en
DB13872,ChemIDPlus: Lormetazepam,https://chem.nlm.nih.gov/chemidplus/rn/848-75-9
DB13873,DailyMed Trilipix (fenofibric acid) delayed release capsule monogram,https://dailymed.nlm.nih.gov/dailymed/drugInfo.cfm?setid=bbf3e782-d163-49c8-0e81-4eeabef48190
DB13878,FDA Press Announcements: FDA approves Mavyret for Hepatitis C,https://www.fda.gov/NewsEvents/Newsroom/PressAnnouncements/ucm570038.htm
DB13879,FDA Press Announcements: FDA approves Mavyret for Hepatitis C,https://www.fda.gov/NewsEvents/Newsroom/PressAnnouncements/ucm570038.htm
DB13881,FDA Press Announcements: FDA approval brings first gene therapy to the United States,https://www.fda.gov/NewsEvents/Newsroom/PressAnnouncements/ucm574058.htm
DB13883,"Dailymed: North American Coral Snake Antivenin (Equine) - coral snake (microbus fulvous) immune globulin antivenin (equine) injection, powder, for solution  Label",https://dailymed.nlm.nih.gov/dailymed/drugInfo.cfm?setid=6d0f94b4-82ca-37c7-edb0-4f0702cf6c8d
DB13884,PMDA report on the deliberation ,https://www.pmda.go.jp/files/000221483.pdf
DB13886,Monograph for Cytogam,https://www.drugs.com/monograph/cytogam.html
DB13891,Review of Agkistrodon-Piscivorus,https://www.sciencedirect.com/topics/agricultural-and-biological-sciences/agkistrodon-piscivorus
DB13892,"Drugs.com, Crofab",https://www.drugs.com/monograph/crofab.html
DB13893,Review of Agkistrodon-Piscivorus,https://www.sciencedirect.com/topics/agricultural-and-biological-sciences/agkistrodon-piscivorus
DB13894,Agkistrodon piscivorus,http://www.iucnredlist.org/details/64298/0
DB13896,European Medicines Agency: Imlygic (talimogene laherparepvec),http://www.ema.europa.eu/ema/index.jsp?curl=pages/medicines/human/medicines/002771/human_med_001941.jsp&mid=WC0b01ac058001d124
DB13905,Utah poison control,https://poisoncontrol.utah.edu/newsletters/pdfs/toxicology-today-archive/Vol14_Iss3.pdf
DB13908,Review Article: Sprays and lozenges for sore throats,http://safpj.co.za/index.php/safpj/article/viewFile/2632/4120
DB13909,ScienceDirect: Bismuth subgallate ,https://www.sciencedirect.com/topics/neuroscience/bismuth-subgallate
DB13914,Shire Pharmaceuticals - Newsroom Announcement,https://www.shire.com/newsroom/2016/july/7zve23
DB13923,Genentech professionals information,https://www.gene.com/medical-professionals/medicines/hemlibra
DB13924,CDC - What Everyone Should Know about Shingles Vaccine,https://www.cdc.gov/vaccines/vpd/shingles/public/index.html
DB13925,FDA News and Events,https://www.fda.gov/NewsEvents/Newsroom/PressAnnouncements/ucm504524.htm
DB13928,FDA Reports,https://www.fda.gov/downloads/AdvisoryCommittees/CommitteesMeetingMaterials/Drugs/EndocrinologicandMetabolicDrugsAdvisoryCommittee/UCM580460.pdf
DB13931,FDA Dermatologic and Ophthalmic Drugs Advisory Committee Meeting Briefing Document on Rhopressa (netarsudil ophthalmic solution) 0.02%,https://www.fda.gov/downloads/AdvisoryCommittees/CommitteesMeetingMaterials/Drugs/DermatologicandOphthalmicDrugsAdvisoryCommittee/UCM579731.pdf
DB13932,FDA News and Events,https://www.fda.gov/NewsEvents/Newsroom/PressAnnouncements/ucm589467.htm
DB13933,EMA Reports,http://www.ema.europa.eu/docs/en_GB/document_library/EPAR_-_Public_assessment_report/human/004178/WC500232819.pdf
DB13941,EMA: Eurartesim Assessment Report,http://www.ema.europa.eu/docs/en_GB/document_library/EPAR_-_Public_assessment_report/human/001199/WC500118116.pdf
DBSALT001298,Pfizer monograph,http://www.bayerresources.com.au/resources/uploads/pi/file9425.pdf
DB13945,Pfizer monograph,http://www.bayerresources.com.au/resources/uploads/pi/file9425.pdf
DBSALT001033,Pfizer monograph,http://www.bayerresources.com.au/resources/uploads/pi/file9425.pdf
DB13948,Tolerance and Tachyphylaxis to Head Twitches Induced by the 5-HT2A Agonist 25CN-NBOH in Mice,https://www.frontiersin.org/articles/10.3389/fphar.2018.00017/abstract
DB13949,InChem: Iron,http://www.inchem.org/documents/jecfa/jecmono/v18je18.htm
DB13959,National Institutes of Health (NIH) Office of Dietary Supplements: Omega-3 Fatty Acids Fact Sheet for Health Professionals,https://ods.od.nih.gov/factsheets/Omega3FattyAcids-HealthProfessional/
DB13960,BRONOPOL - National Library of Medicine HSDB Database,https://toxnet.nlm.nih.gov/cgi-bin/sis/search/a?dbs+hsdb:@term+@DOCNO+7195
DB13961,NIH National Centre for Complementary and Integrative Health: Omega-3 Supplements - In Depth,https://nccih.nih.gov/health/omega3/introduction.htm#hed6
DB13964,Natural Medicines,http://naturaldatabase.therapeuticresearch.com/nd/PrintVersion.aspx?id=483
DB13966,Journal of the American College of Toxicology: Final Report on the Safety Assessment of Myristyl Myristate and Isopropyl Myristate,http://www.beauty-review.nl/wp-content/uploads/2014/05/Final-report-on-the-safety-assessment-of-myristyl-myristate-and-isopropyl-myristate.pdf
DB13967,European Food Safety Authority,https://efsa.onlinelibrary.wiley.com/doi/pdf/10.2903/j.efsa.2013.2818
DB13968,Octapharma monograph,http://www.octapharma.ca/fileadmin/user_upload/octapharma.ca/20120502_PM_950_Octaplasma.pdf
DB13973,Remestemcel-L Product Monograph,https://s3-us-west-2.amazonaws.com/drugbank/fda_labels/DB13973.pdf?1516228988
DB13975,Cytochrome P450 enzyme mediated herbal drug interactions (Part 2),https://www.ncbi.nlm.nih.gov/pmc/articles/PMC4464477/
DB13979,"Granulocyte-binding antibody constructs, their preparation and use: US Grant US5645817A (Monoclonal antibody amino acid sequence)",https://patents.google.com/patent/US5645817A/en
DB13985,FDA Press Announcements: FDA approves new treatment for certain digestive tract cancers,https://www.fda.gov/NewsEvents/Newsroom/PressAnnouncements/ucm594043.htm
DB13987,PubChem: Strontium Chloride,https://pubchem.ncbi.nlm.nih.gov/compound/strontium_chloride#section=Metabolism-Metabolites
DB13994,AstraZeneca: AZD7325 Profile,https://openinnovation.astrazeneca.com/azd7325.html
DBSALT001314,FDA Reports,https://www.accessdata.fda.gov/drugsatfda_docs/nda/2015/206317orig1s000medr.pdf
DB13997,ABC News- Xofluza,http://abcnews.go.com/Health/flu-drug-designed-kill-virus-day-approved-japan/story?id=53361886
DBSALT002412,Have we forgotten the lessons of the tainted blood scandal? - The Globe and Mail,https://www.theglobeandmail.com/opinion/have-we-forgotten-the-lessons-of-the-tainted-blood-scandal/article37097051/
DBSALT001494,Journal of Clinical & Experimental Cardiology: Pharmacokinetics and Bioavailability of Annatto δ-tocotrienol in Healthy Fed Subjects,https://www.omicsonline.org/open-access/pharmacokinetics-and-bioavailability-of-annatto-tocotrienol-in-healthy-fed-subjects-2155-9880-1000411.php?aid=64658
DBSALT001457,Journal of Clinical & Experimental Cardiology: Pharmacokinetics and Bioavailability of Annatto δ-tocotrienol in Healthy Fed Subjects,https://www.omicsonline.org/open-access/pharmacokinetics-and-bioavailability-of-annatto-tocotrienol-in-healthy-fed-subjects-2155-9880-1000411.php?aid=64658
DB14003,Journal of Clinical & Experimental Cardiology: Pharmacokinetics and Bioavailability of Annatto δ-tocotrienol in Healthy Fed Subjects,https://www.omicsonline.org/open-access/pharmacokinetics-and-bioavailability-of-annatto-tocotrienol-in-healthy-fed-subjects-2155-9880-1000411.php?aid=64658
DB14004,Targeted Immunomodulators for the Treatment of Moderate-to-Severe Plaque Psoriasis: Effectiveness and Value ,https://icer-review.org/wp-content/uploads/2017/11/ICER_Draft_Psoriasis_CU_Scope_120417.pdf
DBSALT001568,"Public Assesment report, Silicone",http://www.mhra.gov.uk/home/groups/par/documents/websiteresources/con2033274.pdf
DBSALT001576,Salicyluric acid,https://www.sciencedirect.com/topics/neuroscience/salicyluric-acid
DB14007,FDA orphan list,https://www.fda.gov/downloads/forindustry/developingproductsforrarediseasesconditions/howtoapplyfororphanproductdesignation/ucm162066.xls
DB14012,Burosumab for XLH,http://www.ultragenyx.com/pipeline/krn23-xlh/
DB14017,H3 Biomedicine Granted Orphan Drug Designation of H3B-8800 for Treatment of Acute Myelogenous Leukemia and Chronic Myelomonocytic Leukemia,https://www.h3biomedicine.com/2017/08/14/h3-biomedicine-granted-orphan-drug-designation-of-h3b-8800-for-treatment-of-acute-myelogenous-leukemia-and-chronic-myelomonocytic-leukemia/
DB14018,Annexpublishers,http://www.annexpublishers.co/articles/JBS/3101-Bioanalytical-Method-for-Pamabrom-Determined-As-8-Bromotheophylline-and-its-Application-to-a-Pharmacokinetic-Study.pdf
DB14019,"Netupitant, PubChem",https://pubchem.ncbi.nlm.nih.gov/compound/Netupitant#section=Top
DBSALT000856,Sulfisoxazole,https://drugs.ncats.io/ginas/app/substance/7c27a988
DB14039,"Press Release: Novartis and Amgen announce FDA approval of Aimovig(TM) (erenumab), a novel treatment developed specifically for migraine prevention",https://www.novartis.com/news/media-releases/novartis-and-amgen-announce-fda-approval-aimovigtm-erenumab-novel-treatment-developed-specifically-migraine-prevention
DB14040,EconoTimes Business Article: Alder BioPharmaceuticals® New Data Demonstrated Eptinezumab Increased Migraine-Free Intervals (Up to 32.5 days) and Improved Quality-of-Life Outcomes in Patients with Episodic Migraine,https://www.econotimes.com/Alder-BioPharmaceuticals-New-Data-Demonstrated-Eptinezumab-Increased-Migraine-Free-Intervals-Up-to-325-days-and-Improved-Quality-of-Life-Outcomes-in-Patients-with-Episodic-Migraine-1273647
DB14041,JAMA Network: Effect of Fremanezumab Compared With Placebo for Prevention of Episodic Migraine,https://jamanetwork.com/journals/jama/article-abstract/2681193?redirect=true
DB14048,AstraZeneca: Lokelma approved in the US for the treatment of adults with hyperkalaemia,https://www.astrazeneca.com/media-centre/press-releases/2018/lokelma-approved-in-the-us-for-the-treatment-of-adults-with-hyperkalaemia-21052018.html
DB14050,Public summary of opinion on orphan designation: Cannabidivarin for the treatment of Rett syndrome,http://www.ema.europa.eu/docs/en_GB/document_library/Orphan_designation/2018/01/WC500241010.pdf
DB14058,AUR1- Uniprot,http://www.uniprot.org/uniprot/O13332
DB14059,Overview of selective COX-2 inhibitors,https://www.uptodate.com/contents/overview-of-selective-cox-2-inhibitors
DB14146,Nektar Therapeutics: Loxicodegol FDA Application Press Release,http://ir.nektar.com/news-releases/news-release-details/nektar-therapeutics-announces-submission-new-drug-application-us
DB14183,"Geraniol — A review of a commercially important fragrance material; Chen and Viljoen, 2010.",https://www.sciencedirect.com/science/article/pii/S0254629910001559
