drugbank-id,organism
BIOD00024,Humans and other mammals
BIOD00071,Humans and other mammals
BIOD00001,Humans and other mammals
BIOD00084,Humans and other mammals
BIOD00052,Humans and other mammals
DB02351,Humans and other mammals
BIOD00009,Humans and other mammals
BIOD00043,Humans and other mammals
BIOD00050,Humans and other mammals
BIOD00033,Humans and other mammals
DB00084,Humans and other mammals
BIOD00032,Humans and other mammals
BIOD00030,Humans and other mammals
BIOD00113,Humans and other mammals
BIOD00013,Humans and other mammals
DB08923,Humans and other mammals
BIOD00025,Humans and other mammals
BIOD00023,Humans and other mammals
BIOD00094,Humans and other mammals
BIOD00035,Humans and other mammals
BIOD00039,Humans and other mammals
BIOD00048,Humans and other mammals
BIOD00011,Humans and other mammals
BIOD00020,Humans and other mammals
DBSALT002413,Humans and other mammals
BIOD00060,Humans and other mammals
BIOD00036,Enterobacter
BIOD00091,Various viruses
BIOD00102,Humans and other mammals
DB08914,Humans and other mammals
BIOD00019,Humans and other mammals
BIOD00018,Humans and other mammals
DB00037,Humans and other mammals
BIOD00061,Humans and other mammals
BIOD00006,Humans and other mammals
BIOD00021,Humans and other mammals
BIOD00042,Humans and other mammals
BIOD00057,Humans and other mammals
BIOD00082,Humans and other mammals
BIOD00070,Humans and other mammals
BIOD00081,Humans and other mammals
BIOD00056,Humans and other mammals
BIOD00054,Humans and other mammals
DB01310,Humans and other mammals
DB01308,Humans and other mammals
DB11249,Humans and other mammals
BIOD00090,Humans and other mammals
BIOD00115,Humans and other mammals
BIOD00049,Humans and other mammals
DB06417,Humans and other mammals
BIOD00026,Humans and other mammals
BIOD00041,Humans and other mammals
BIOD00068,Humans and other mammals
BIOD00077,Humans and other mammals
BIOD00108,Humans and other mammals
BIOD00002,Humans and other mammals
BIOD00079,Humans and other mammals
BIOD00100,Humans and other mammals
DB00064,Humans and other mammals
BIOD00063,Humans and other mammals
BIOD00004,Humans and other mammals
DB09024,Humans and other mammals
DB09392,Humans and other mammals
BIOD00078,Humans and other mammals
BIOD00062,Humans and other mammals
BIOD00022,Humans and other mammals
BIOD00031,Humans and other mammals
BIOD00098,Humans and other mammals
BIOD00014,Humans and other mammals
BIOD00073,Humans and other mammals
BIOD00005,Humans and other mammals
BIOD00027,Humans and other mammals
BIOD00069,Humans and other mammals
BIOD00111,Enteric bacteria and other eubacteria
DB09557,Humans and other mammals
BIOD00044,Humans and other mammals
BIOD00092,Humans and other mammals
DB05356,Humans and other mammals
BIOD00028,Humans and other mammals
BIOD00037,Humans and other mammals
BIOD00080,Humans and other mammals
BIOD00008,Humans and other mammals
BIOD00003,Humans and other mammals
BIOD00055,Humans and other mammals
BIOD00114,Humans and other mammals
BIOD00104,Humans and other mammals
BIOD00074,Humans and other mammals
BIOD00034,Humans and other mammals
BIOD00040,Humans and other mammals
DB09560,Humans and other mammals
BIOD00038,Humans and other mammals
BIOD00053,Humans and other mammals
BIOD00075,Humans and other mammals
BIOD00088,Humans and other mammals
DB05600,Humans and other mammals
BIOD00051,Humans and other mammals
BIOD00016,Humans and other mammals
BIOD00083,Humans and other mammals
BIOD00106,Human Immunodeficiency Virus
BIOD00007,Humans and other mammals
BIOD00087,Humans and other mammals
BIOD00107,Humans and other mammals
NUTR00045,Humans and other mammals
EXPT00965,Humans and other mammals
NUTR00056,Humans and other mammals
NUTR00030,Humans and other mammals
NUTR00052,Humans and other mammals
DB11194,Humans and other mammals
NUTR00044,Humans and other mammals
NUTR00019,Humans and other mammals
NUTR00020,Humans and other mammals
DB11101,Humans and other mammals
NUTR00014,Humans and other mammals
DB11317,Humans and other mammals
DB02564,Humans and other mammals
EXPT01823,Humans and other mammals
NUTR00043,Humans and other mammals
NUTR00026,Humans and other mammals
EXPT00512,Humans and other mammals
NUTR00034,Humans and other mammals
DB03375,Humans and other mammals
NUTR00038,Humans and other mammals
NUTR00059,Humans and other mammals
DB05314,Humans and other mammals
DB11138,Humans and other mammals
NUTR00023,Humans and other mammals
NUTR00054,Humans and other mammals
DB09358,Humans and other mammals
NUTR00040,Humans and other mammals
NUTR00027,Humans and other mammals
EXPT01650,Humans and other mammals
NUTR00048,Humans and other mammals
NUTR00028,Humans and other mammals
APRD00428,Humans and other mammals
NUTR00049,Humans and other mammals
NUTR00022,Humans and other mammals
NUTR00033,Humans and other mammals
EXPT02064,Humans and other mammals
DB09485,Humans and other mammals
EXPT03222,Humans and other mammals
APRD00426,Humans and other mammals
NUTR00032,Humans and other mammals
NUTR00021,Humans and other mammals
NUTR00057,Humans and other mammals
DB03527,Humans and other mammals
NUTR00025,Humans and other mammals
NUTR00024,Humans and other mammals
NUTR00013,Humans and other mammals
NUTR00060,Humans and other mammals
APRD00486,Humans and other mammals
EXPT03227,Humans and other mammals
APRD00204,Humans and other mammals
NUTR00035,Humans and other mammals
NUTR00031,Humans and other mammals
NUTR00046,Humans and other mammals
APRD00506,Humans and other mammals
NUTR00062,Humans and other mammals
EXPT00007,Humans and other mammals
NUTR00047,Humans and other mammals
EXPT00520,Humans and other mammals
NUTR00015,Humans and other mammals
APRD00328,Humans and other mammals
APRD00425,Humans and other mammals
APRD00133,Humans and other mammals
APRD00009,Humans and other mammals
DB05900,Humans and other mammals
APRD00976,Humans and other mammals
APRD00551,Humans and other mammals
APRD00480,Humans and other mammals
APRD01172,Humans and other mammals
DB11303,Humans and other mammals
APRD00224,Humans and other mammals
APRD00116,Humans and other mammals
APRD00954,Humans and other mammals
DB07475,Humans and other mammals
APRD00958,Humans and other mammals
APRD00160,Humans and other mammals
APRD00093,Humans and other mammals
APRD01032,Humans and other mammals
APRD00028,Humans and other mammals
EXPT02753,Human Herpes Virus
APRD00245,Humans and other mammals
APRD00327,Fungi
APRD00488,Humans and other mammals
APRD01148,Influenza Virus
APRD00953,Staphylococcus aureus
APRD01022,Humans and other mammals
APRD00673,Humans and other mammals
APRD00159,Humans and other mammals
APRD00556,Humans and other mammals
APRD00367,Humans and other mammals
APRD00599,Plasmodium
APRD00472,Humans and other mammals
APRD00397, Bordetella pertussis
APRD01257,Humans and other mammals
APRD00393,Humans and other mammals
APRD00780,Humans and other mammals
APRD01116,Humans and other mammals
APRD00163,Humans and other mammals
APRD00073,Humans and other mammals
APRD00217,Humans and other mammals
APRD00147,Humans and other mammals
APRD00945,Humans and other mammals
APRD00825,Humans and other mammals
APRD00281,Enteric bacteria and other eubacteria
APRD00189,Humans and other mammals
APRD00003,Human Immunodeficiency Virus
APRD00750,Humans and other mammals
APRD00381,Humans and other mammals
APRD00921,Humans and other mammals
APRD00069,Human Immunodeficiency Virus
APRD00990,Humans and other mammals
APRD01006,Humans and other mammals
APRD00370,Humans and other mammals
APRD00234,Humans and other mammals
APRD00855,Enteric bacteria and other eubacteria
APRD01198,Humans and other mammals
APRD00676,Humans and other mammals
APRD01104,Humans and other mammals
DB09367,Mycobacteria
APRD00198,Humans and other mammals
APRD00010,Humans and other mammals
APRD00693,Humans and other mammals
APRD00752,Humans and other mammals
DB08311,Human Immunodeficiency Virus
APRD01154,Fungi
APRD00783,Humans and other mammals
APRD00266,Humans and other mammals
APRD00260,Humans and other mammals
APRD01300,Humans and other mammals
DB06396,Humans and other mammals
APRD00748,Humans and other mammals
APRD00540,Humans and other mammals
APRD00463,Humans and other mammals
APRD00836,Humans and other mammals
DB03778,Herpes simplex virus
APRD00345,Mycobacterium leprae
APRD00659,Fungi
APRD00241,Humans and other mammals
APRD01091,Humans and other mammals
APRD00597, Chlamydia psittaci
EXPT01164,Humans and other mammals
EXPT01049,Enteric bacteria and other eubacteria
APRD00244,Yeast and other fungi
APRD00839,Humans and other mammals
APRD00438,Candida albicans and other yeasts
DB03123,Mycobacterium tuberculosis
APRD00798,Humans and other mammals
APRD00006,Humans and other mammals
APRD00595,Enteric bacteria and other eubacteria
APRD00208,Humans and other mammals
APRD00211,Humans and other mammals
APRD00761,Humans and other mammals
APRD00851,Enteric bacteria and other eubacteria
APRD00302,Humans and other mammals
APRD00715,Humans and other mammals
APRD00298,Humans and other mammals
APRD00913,Humans and other mammals
APRD00714,Humans and other mammals
APRD00237,Humans and other mammals
APRD00852,Enteric bacteria and other eubacteria
APRD00223,Humans and other mammals
APRD00064,Humans and other mammals
DB09359,Humans and other mammals
APRD00105,Humans and other mammals
APRD01074,Humans and other mammals
APRD00507,Humans and other mammals
DB05291,Humans and other mammals
APRD01161,Humans and other mammals
APRD00875,Humans and other mammals
APRD00656,Humans and other mammals
APRD00125,Humans and other mammals
APRD00396,Humans and other mammals
APRD01271,Humans and other mammals
APRD00788,Humans and other mammals
APRD00614,Humans and other mammals
EXPT00718,Humans and other mammals
APRD00115,Humans and other mammals
APRD00965,Humans and other mammals
EXPT01092,Humans and other mammals
APRD00766,Humans and other mammals
DB05354,Humans and other mammals
APRD00492,Humans and other mammals
APRD00247,Humans and other mammals
APRD00902,Humans and other mammals
DB01730,Herpes simplex virus
DB13426,Human Immunodeficiency Virus
APRD00609,Enteric bacteria and other eubacteria
EXPT00508,Humans and other mammals
APRD00952,Enteric bacteria and other eubacteria
APRD00762,Humans and other mammals
APRD00284,Humans and other mammals
APRD01333,Humans and other mammals
APRD00114,Humans and other mammals
APRD01025,Humans and other mammals
APRD00392,Humans and other mammals
APRD00127,Humans and other mammals
DB07727,Humans and other mammals
APRD01174,Humans and other mammals
APRD00066,Humans and other mammals
APRD00844,Enteric bacteria and other eubacteria
APRD00376,Humans and other mammals
APRD00252,Humans and other mammals
DB07998,Humans and other mammals
DB09471,Humans and other mammals
APRD00325,Enteric bacteria and other eubacteria
DB05743,Humans and other mammals
APRD00227,Humans and other mammals
APRD00692,Humans and other mammals
APRD00445,Humans and other mammals
APRD00980,Humans and other mammals
APRD01143,Humans and other mammals
APRD00841,Humans and other mammals
APRD01021,Humans and other mammals
APRD00109,Humans and other mammals
APRD00957,Mycobacterium tuberculosis
APRD01099,Humans and other mammals
APRD00537,Humans and other mammals
APRD00485,Humans and other mammals
APRD00138,Humans and other mammals
APRD00172,Humans and other mammals
APRD00050,Gram negative and gram positive bacteria
APRD01182,Humans and other mammals
APRD00446,Humans and other mammals
APRD01206,Mycobacterium tuberculosis
APRD01101,Humans and other mammals
APRD00630,Humans and other mammals
APRD00606,Humans and other mammals
APRD00473,Humans and other mammals
APRD00441,Humans and other mammals
APRD00792,Humans and other mammals
APRD00490,Humans and other mammals
APRD00315,Humans and other mammals
APRD01141,Humans and other mammals
APRD00307,Humans and other mammals
DB08225,Humans and other mammals
APRD01092,Humans and other mammals
APRD00290,Humans and other mammals
APRD00739,Humans and other mammals
APRD00723,Humans and other mammals
EXPT00605,Enteric bacteria and other eubacteria
APRD00308,Humans and other mammals
APRD00592,Humans and other mammals
APRD00300,Plasmodium
APRD00190,Enteric bacteria and other eubacteria
DB02692,Humans and other mammals
APRD00101,Humans and other mammals
APRD01301,Coolia tropicalis
APRD00470,Humans and other mammals
APRD01238,Humans and other mammals
APRD01003,Streptococcus pneumoniae
APRD00937,Humans and other mammals
APRD00106,Humans and other mammals
APRD01299,Humans and other mammals
APRD00148,Human Immunodeficiency Virus
APRD00685,Humans and other mammals
APRD01095,Humans and other mammals
APRD00323,Humans and other mammals
DB08625,Humans and other mammals
APRD01272,Humans and other mammals
APRD00884,Humans and other mammals
APRD00070,Humans and other mammals
APRD00351,Humans and other mammals
APRD00941,Humans and other mammals
APRD00242,Humans and other mammals
DB02444,Humans and other mammals
APRD00520,Humans and other mammals
APRD00690,Humans and other mammals
APRD00399,Humans and other mammals
APRD00079,Humans and other mammals
APRD00662,Humans and other mammals
APRD00383,Humans and other mammals
APRD00365,Humans and other mammals
APRD00503,Humans and other mammals
APRD00098,Humans and other mammals
APRD00032,Humans and other mammals
APRD00729,Humans and other mammals
APRD00612,Humans and other mammals
DB11897,Humans and other mammals
APRD00417,Humans and other mammals
APRD00700,Humans and other mammals
DB09441,Humans and other mammals
DB07438,Humans and other mammals
DB06286,Humans and other mammals
APRD01004,"Dermatophytic fungi including Trichophyton, Microsporum and Epidermophyton"
APRD00635,Humans and other mammals
APRD00431,Humans and other mammals
APRD00861,Humans and other mammals
DB05925,Humans and other mammals
APRD00770,Humans and other mammals
APRD00998,Bacteria and protozoa
APRD00803,Humans and other mammals
APRD00574,Humans and other mammals
APRD00316,Humans and other mammals
APRD00162,Staphylococcus aureus
DB02487,Humans and other mammals
APRD00403,Humans and other mammals
APRD00156,Humans and other mammals
APRD00773,Humans and other mammals
APRD00320,Haemophilus influenzae
APRD01318,Humans and other mammals
DB08415,Borrelia burgdorferi
APRD00497,Humans and other mammals
APRD01118,Humans and other mammals
APRD00358,Humans and other mammals
APRD01234,Humans and other mammals
APRD00657,Humans and other mammals
APRD01102,Humans and other mammals
APRD00607,Humans and other mammals
APRD00095,Humans and other mammals
APRD00600,Human Herpes Virus
APRD00306,Humans and other mammals
APRD00209,Humans and other mammals
APRD00847,Humans and other mammals
APRD00856,Enteric bacteria and other eubacteria
APRD01072,Scabies (Sarcoptes scabei) and other insects
APRD01275,Human Herpes Virus
APRD00624,Humans and other mammals
APRD00033,Humans and other mammals
APRD01142,Humans and other mammals
APRD00666,Humans and other mammals
DB03027,Humans and other mammals
APRD00857,Enteric bacteria and other eubacteria
APRD00102,Humans and other mammals
APRD00103,Escherichia coli
APRD00201,Humans and other mammals
APRD00948,Hepatitis B virus
APRD00513,Humans and other mammals
APRD00649,Humans and other mammals
APRD00361,Humans and other mammals
EXPT00942,Enterococcus faecium
APRD01077,Staphylococcus aureus
APRD00077,Humans and other mammals
APRD00930,Humans and other mammals
APRD00939,Humans and other mammals
EXPT02993,Humans and other mammals
APRD00618,Enteric bacteria and other eubacteria
APRD00343,Enteric bacteria and other eubacteria
APRD00074,Humans and other mammals
APRD00384,Humans and other mammals
EXPT00946,Enteric bacteria and other eubacteria
APRD00020,Humans and other mammals
DB08002,Humans and other mammals
APRD00778,Humans and other mammals
APRD01290,Humans and other mammals
APRD01128,Humans and other mammals
APRD00314,Humans and other mammals
APRD00757,Humans and other mammals
APRD00575,Humans and other mammals
APRD01060,Humans and other mammals
APRD00269,Humans and other mammals
APRD00947,Enteric bacteria and other eubacteria
APRD00563,Humans and other mammals
APRD00011,Humans and other mammals
APRD00571,Humans and other mammals
APRD00434,Humans and other mammals
APRD00530,Humans and other mammals
APRD01014,Humans and other mammals
APRD00058,Humans and other mammals
APRD00682,Humans and other mammals
APRD00060,Humans and other mammals
APRD00482,Humans and other mammals
APRD01219,Human Influenza A Virus
APRD00550,Enteric bacteria and other eubacteria
APRD01303,Humans and other mammals
APRD00400,Humans and other mammals
APRD00373,Humans and other mammals
APRD00712,Humans and other mammals
APRD00034,Humans and other mammals
APRD00916,Enteric bacteria and other eubacteria
APRD01127,Humans and other mammals
APRD00108,Enteric bacteria and other eubacteria
APRD00652,Humans and other mammals
APRD01230,Humans and other mammals
APRD00222,Humans and other mammals
APRD01117,Humans and other mammals
APRD00526,Humans and other mammals
APRD00854,Salmonella typhi
APRD00416,Humans and other mammals
APRD00449,Human Immunodeficiency Virus
APRD00903,Humans and other mammals
APRD00387,Humans and other mammals
APRD00166,Humans and other mammals
APRD00984,Humans and other mammals
APRD01268,Humans and other mammals
APRD00568,Humans and other mammals
APRD00538,Humans and other mammals
APRD00312,Human Immunodeficiency Virus
APRD00733,Humans and other mammals
APRD00286,Humans and other mammals
APRD00558,Escherichia coli
APRD00465,Humans and other mammals
APRD00911,Humans and other mammals
APRD01334,Humans and other mammals
EXPT03217, Chlamydia psittaci
DB04134,Humans and other mammals
APRD00655,Humans and other mammals
APRD00359,Humans and other mammals
APRD00819,Humans and other mammals
APRD00800,Humans and other mammals
APRD00782,Helminthic Microorganisms
APRD01269,Humans and other mammals
APRD00199,"Aspergillis, Candida and other fungi"
APRD00195,Humans and other mammals
APRD00818,Humans and other mammals
APRD00017,Humans and other mammals
APRD01109,Humans and other mammals
APRD01607,Yeast and other fungi
APRD00186,Humans and other mammals
APRD00915,Humans and other mammals
APRD00193,Humans and other mammals
APRD00669,Human Herpes Virus
APRD00951,Humans and other mammals
APRD00408,Humans and other mammals
APRD00512,Humans and other mammals
APRD00151,Humans and other mammals
APRD00864,Humans and other mammals
APRD00644,Enteric gram-negative rods
EXPT01546,Humans and other mammals
EXPT00999,Enteric bacteria and other eubacteria
APRD00993,Humans and other mammals
APRD00391,Humans and other mammals
APRD00602,Humans and other mammals
APRD00495,Humans and other mammals
APRD00063,Humans and other mammals
APRD00142,Humans and other mammals
EXPT03204,Humans and other mammals
APRD00380,Humans and other mammals
APRD00724,Humans and other mammals
APRD00910,Humans and other mammals
EXPT00598,Various aerobic and anaerobic microorganisms
APRD00377,Humans and other mammals
APRD00297,Humans and other mammals
EXPT01688,Enteric bacteria and other eubacteria
APRD00202,Shigella
APRD00157,Humans and other mammals
APRD01187,Humans and other mammals
APRD00570,Humans and other mammals
APRD01177,Humans and other mammals
APRD00688,Humans and other mammals
APRD00378,Influenza B virus
APRD00829,Humans and other mammals
APRD01307,Enteric bacteria and other eubacteria
APRD00935,Humans and other mammals
APRD00728,Humans and other mammals
APRD00353,Humans and other mammals
APRD00337,Humans and other mammals
APRD00874,Humans and other mammals
APRD01236,Humans and other mammals
APRD00250,Enteric bacteria and other eubacteria
APRD00332,Humans and other mammals
DB11728,Humans and other mammals
APRD00708,Humans and other mammals
APRD00194,Humans and other mammals
EXPT02427,Humans and other mammals
APRD00970,Humans and other mammals
APRD00319,Humans and other mammals
DB07566,Humans and other mammals
APRD00684,Enteric bacteria and other eubacteria
APRD00697,Human Herpes Virus
APRD00846,Proteus mirabilis
APRD01085,Humans and other mammals
DB07576,Humans and other mammals
APRD01063,Humans and other mammals
APRD00543,Yeast and other fungi
APRD01070,Humans and other mammals
APRD00510,Humans and other mammals
APRD00706,Humans and other mammals
APRD00527,Humans and other mammals
APRD00637,Humans and other mammals
APRD00065,Humans and other mammals
APRD00636,Humans and other mammals
APRD00474,Humans and other mammals
APRD00977,Humans and other mammals
DB11514,Parasitic nematodes and other roundworms
APRD00318,Humans and other mammals
EXPT00514,Humans and other mammals
APRD00019,Enteric bacteria and other eubacteria
APRD01010,Humans and other mammals
APRD00992,Humans and other mammals
APRD01062,Humans and other mammals
APRD00660,Humans and other mammals
APRD01121,Humans and other mammals
DB08769,Gram negative and gram positive bacteria
APRD01058,Head lice
APRD00627,Humans and other mammals
APRD00454,Humans and other mammals
APRD01243,Humans and other mammals
EXPT01082,Humans and other mammals
DB08269,Staphylococcus aureus
APRD00468,Plasmodium
APRD00961,Mycobacteria
APRD00555,Humans and other mammals
APRD00835,Humans and other mammals
APRD00257,Humans and other mammals
APRD00796,Plasmodium
APRD00988,"Microbes (bacteria, parasites)"
APRD00094,Mycobacterium avium
APRD00027,Humans and other mammals
APRD00236,Humans and other mammals
APRD00272,Enteric bacteria and other eubacteria
DB03261,Humans and other mammals
APRD00422,Humans and other mammals
APRD01151,Humans and other mammals
APRD00088,Humans and other mammals
APRD00633,Humans and other mammals
DB05275,Humans and other mammals
DB07709,Human Immunodeficiency Virus
APRD00816,Enteric bacteria and other eubacteria
APRD00536,Humans and other mammals
APRD00881,Humans and other mammals
APRD00487,Humans and other mammals
APRD00561,Humans and other mammals
DB06189,Humans and other mammals
APRD00933,Herpes simplex virus
APRD00578,Humans and other mammals
APRD00452,Enteric bacteria and other eubacteria
APRD00340,Humans and other mammals
APRD00879,Humans and other mammals
APRD00585,Humans and other mammals
APRD01034,Humans and other mammals
APRD00834,"Fungi, yeast and protozoans"
DB06639,Humans and other mammals
APRD00104,Humans and other mammals
EXPT02075,Humans and other mammals
APRD01086,Helminthic Microorganisms
APRD01001,Humans and other mammals
APRD00940,Humans and other mammals
APRD01146,Fungi
APRD00548,Humans and other mammals
APRD00494,Humans and other mammals
APRD00440,Human Immunodeficiency Virus
APRD00698,Humans and other mammals
APRD00769,Humans and other mammals
APRD01173,Humans and other mammals
APRD01080,Humans and other mammals
APRD01065,Humans and other mammals
APRD00588,Humans and other mammals
APRD00533,Humans and other mammals
APRD00458,Humans and other mammals
APRD01226,Humans and other mammals
APRD00661,Humans and other mammals
APRD00514,Humans and other mammals
APRD00335,Humans and other mammals
APRD01277,Humans and other mammals
APRD00975,Humans and other mammals
APRD00517,"Gram negative, positive bacteria and plasmodium"
APRD00150,Humans and other mammals
APRD01129,Humans and other mammals
EXPT00496,Humans and other mammals
APRD00379,Humans and other mammals
APRD00515,Humans and other mammals
APRD00583,Enteric bacteria and other eubacteria
APRD00029,Humans and other mammals
APRD00100,Humans and other mammals
EXPT01628,Humans and other mammals
APRD00123,Humans and other mammals
DB02775,Sarcoptes scabiei
APRD00763,Humans and other mammals
APRD00052,Humans and other mammals
APRD00596,Humans and other mammals
APRD01124,Humans and other mammals
APRD00797,Various Fungus Species
APRD00341,Humans and other mammals
APRD00680,Humans and other mammals
APRD00582,Enteric bacteria and other eubacteria
APRD01281,Enteric bacteria and other eubacteria
APRD01175,Humans and other mammals
DB02478,Humans and other mammals
APRD01602,Humans and other mammals
APRD00858,Enteric bacteria and other eubacteria
APRD00983,Humans and other mammals
APRD01120,Humans and other mammals
APRD00615,Humans and other mammals
DB07777,Humans and other mammals
APRD00521,Humans and other mammals
DB07799,Humans and other mammals
APRD00677,Humans and other mammals
APRD00128,Humans and other mammals
APRD00191,Gram negative and gram positive bacteria
APRD00617,Humans and other mammals
APRD00707,Humans and other mammals
APRD00605,Human Immunodeficiency Virus
APRD01026,Humans and other mammals
APRD00740,Humans and other mammals
DB05067,Humans and other mammals
DB08563,Human Immunodeficiency Virus
APRD00036,Humans and other mammals
APRD00078,Humans and other mammals
DB05563,Humans and other mammals
APRD00681,Hepatitis B virus
DB04635,Humans and other mammals
APRD00918,Parasitic nematodes and other roundworms
APRD00753,Humans and other mammals
APRD01149,Staphylococcus aureus
DB05816,Humans and other mammals
DB00715,Humans and other mammals
APRD01137,Humans and other mammals
APRD00679,Humans and other mammals
APRD00781,Hepatitis B virus
APRD00810,Humans and other mammals
APRD00639,Humans and other mammals
DB05342,Humans and other mammals
APRD00560,Humans and other mammals
APRD00062,Humans and other mammals
APRD01030,Humans and other mammals
APRD01017,Humans and other mammals
APRD00498,Humans and other mammals
APRD00153,Humans and other mammals
APRD01221,Humans and other mammals
APRD00928,Humans and other mammals
DB08630,"Roundworms, hookworms, and other helminth species"
APRD00593,Humans and other mammals
APRD00806,Humans and other mammals
APRD01193,Humans and other mammals
APRD00187,Humans and other mammals
APRD01131,Yeast and other fungi
APRD00363,Humans and other mammals
APRD00354,Humans and other mammals
EXPT02625,Pneumocystis carinii
APRD01012,Enteric bacteria and other eubacteria
APRD00145,Humans and other mammals
DB07886,Humans and other mammals
EXPT02246,Humans and other mammals
APRD00989,Humans and other mammals
APRD00265,Humans and other mammals
APRD00534,Humans and other mammals
APRD00904,Humans and other mammals
APRD00616,Humans and other mammals
APRD00765,Humans and other mammals
APRD00067,Humans and other mammals
APRD00180,Humans and other mammals
APRD00043,Humans and other mammals
APRD00645,Humans and other mammals
APRD00212,Humans and other mammals
APRD00962,Humans and other mammals
APRD00362,Humans and other mammals
APRD00722,Enteric bacteria and other eubacteria
APRD00518,Humans and other mammals
APRD00444,Humans and other mammals
APRD00572,Coxiella
EXPT02153,Enteric bacteria and other eubacteria
APRD01322,Humans and other mammals
APRD00579,Humans and other mammals
APRD00002,Humans and other mammals
APRD00289,Humans and other mammals
APRD01112,Humans and other mammals
APRD00049,Enteric bacteria and other eubacteria
APRD00820,Humans and other mammals
APRD00310,Humans and other mammals
APRD01018,Humans and other mammals
APRD00785,Humans and other mammals
APRD00737,Humans and other mammals
APRD01081,Head lice
APRD00239,Humans and other mammals
APRD01020,Humans and other mammals
APRD00304,Humans and other mammals
APRD01308,Humans and other mammals
APRD00339,Humans and other mammals
APRD01305,Enteric bacteria and other eubacteria
APRD01133,Enteric bacteria and other eubacteria
APRD00099,Humans and other mammals
APRD01190,Enteric bacteria and other eubacteria
APRD00177,Humans and other mammals
APRD00311,Humans and other mammals
APRD00730,Humans and other mammals
APRD00890,Humans and other mammals
APRD00559,Humans and other mammals
DB05347,Human Herpes Virus
DB08298,Humans and other mammals
APRD00991,Humans and other mammals
APRD01178,Humans and other mammals
APRD00130,Humans and other mammals
APRD00689,Humans and other mammals
APRD01011,"Dermatophytic fungi including Trichophyton, Microsporum and Epidermophyton"
APRD00549,Humans and other mammals
DB08518,Humans and other mammals
APRD00420,Humans and other mammals
APRD00170,Humans and other mammals
APRD00214,Proteus vulgaris
APRD01246,Humans and other mammals
APRD00969,Humans and other mammals
APRD01009,Humans and other mammals
APRD00726,Humans and other mammals
APRD00886,Gram-negative bacilli
APRD00113,Humans and other mammals
APRD00735,Humans and other mammals
APRD00121,Humans and other mammals
APRD00522,Humans and other mammals
APRD01031,Humans and other mammals
APRD00287,Humans and other mammals
APRD00725,Humans and other mammals
DB01693,"Hepatitis C virus, RSV and other RNA/DNA viruses"
DB08343,Humans and other mammals
DB05564,Humans and other mammals
APRD00529,Humans and other mammals
APRD01606,Humans and other mammals
APRD00210,Humans and other mammals
APRD00369,Enteric bacteria and other eubacteria
DB05893,Humans and other mammals
EXPT00604,Humans and other mammals
APRD00071,Humans and other mammals
APRD00849,Humans and other mammals
APRD00767,Humans and other mammals
APRD00760,Humans and other mammals
APRD00273,Humans and other mammals
APRD01604,Humans and other mammals
APRD01136,Various Fungus Species
APRD00873,Enteric bacteria and other eubacteria
APRD00987,Enteric bacteria and other eubacteria
DB07699,Humans and other mammals
APRD00262,Humans and other mammals
DB08616,Humans and other mammals
APRD00496,Humans and other mammals
APRD00243,Enteric bacteria and other eubacteria
APRD00432,Humans and other mammals
APRD00832,Humans and other mammals
APRD00275,Humans and other mammals
APRD00072,Humans and other mammals
APRD00877,Humans and other mammals
APRD01267,Humans and other mammals
APRD01023,Humans and other mammals
APRD00122,Humans and other mammals
APRD01152,Humans and other mammals
APRD00039,Humans and other mammals
APRD01132,Humans and other mammals
APRD00278,Mycobacterium leprae
APRD00982,Humans and other mammals
APRD00896,Humans and other mammals
APRD01067,Humans and other mammals
APRD00047,Humans and other mammals
APRD00429,Humans and other mammals
APRD00331,Humans and other mammals
APRD00634,Humans and other mammals
APRD00557,Humans and other mammals
APRD00764,Humans and other mammals
DB05277,Humans and other mammals
APRD00867,Humans and other mammals
APRD00508,Fungi
APRD00938,Humans and other mammals
APRD01171,Humans and other mammals
APRD00197,Humans and other mammals
DB06895,Humans and other mammals
APRD00699,Humans and other mammals
APRD00254,Humans and other mammals
EXPT01437,Humans and other mammals
APRD00759,Humans and other mammals
APRD00736,Humans and other mammals
APRD00541,Humans and other mammals
APRD00629,Humans and other mammals
DB04507,Humans and other mammals
APRD00230,Humans and other mammals
APRD00589,Humans and other mammals
APRD01302,Humans and other mammals
APRD01078,Humans and other mammals
APRD01005,Humans and other mammals
APRD00388,Humans and other mammals
APRD00950,Humans and other mammals
DB02439,Humans and other mammals
APRD00545,Bacteria
APRD00226,Human Immunodeficiency Virus
APRD00721,Humans and other mammals
APRD00523,Humans and other mammals
APRD00880,Humans and other mammals
APRD00455,Humans and other mammals
DB02782,Humans and other mammals
APRD00394,Humans and other mammals
APRD00443,Humans and other mammals
APRD00294,Humans and other mammals
APRD00249,Humans and other mammals
APRD01002,Humans and other mammals
APRD00917,Humans and other mammals
APRD00491,Humans and other mammals
APRD00817,Humans and other mammals
APRD01053,Humans and other mammals
APRD00640,Humans and other mammals
APRD00822,Humans and other mammals
APRD01220,Humans and other mammals
APRD00313,Humans and other mammals
APRD00738,Humans and other mammals
APRD01216,Humans and other mammals
DB02392,Human Immunodeficiency Virus
APRD00827,Humans and other mammals
APRD00713,Humans and other mammals
APRD00251,Humans and other mammals
APRD00481,Humans and other mammals
DB06863,Humans and other mammals
APRD00344,Humans and other mammals
APRD00080,Humans and other mammals
APRD00136,Humans and other mammals
APRD00004,Humans and other mammals
APRD01165,Humans and other mammals
APRD01260,"Trichomonas vaginalis, Giardia duodenalis, and Entamoeba histolytica"
APRD00439,Humans and other mammals
APRD00741,Humans and other mammals
APRD00511,Humans and other mammals
APRD00787,Various viruses
APRD00631,Peptoclostridium difficile
APRD00927,Humans and other mammals
APRD00169,Humans and other mammals
APRD01232,Enteric bacteria and other eubacteria
APRD01061,Humans and other mammals
APRD00670,Humans and other mammals
APRD01296,Humans and other mammals
APRD00853,Enteric bacteria and other eubacteria
APRD00213,Humans and other mammals
APRD00651,Humans and other mammals
APRD00966,Humans and other mammals
APRD00296,Humans and other mammals
APRD00809,Humans and other mammals
DB05379,Humans and other mammals
APRD00883,Humans and other mammals
APRD00137,Enteric bacteria and other eubacteria
APRD01306,Human Immunodeficiency Virus
APRD00610,Humans and other mammals
APRD00747,Humans and other mammals
APRD01158,Humans and other mammals
DB01398,Humans and other mammals
APRD00919,Humans and other mammals
APRD00277,Humans and other mammals
APRD01090,Humans and other mammals
APRD00751,Humans and other mammals
APRD01013,Humans and other mammals
APRD00731,Humans and other mammals
APRD00562,Human Immunodeficiency Virus
APRD00905,Humans and other mammals
EXPT00475,Humans and other mammals
APRD00228,Humans and other mammals
APRD00654,Humans and other mammals
APRD01113,Enteric bacteria and other eubacteria
APRD00505,Humans and other mammals
APRD00349,Humans and other mammals
EXPT01940,Mycobacterium tuberculosis
APRD00220,Humans and other mammals
APRD00008,Humans and other mammals
APRD00931,Enteric bacteria and other eubacteria
APRD00232,Enteric bacteria and other eubacteria
DB09475,Humans and other mammals
APRD00569,Humans and other mammals
APRD00466,Humans and other mammals
APRD00342,Humans and other mammals
APRD00678,Humans and other mammals
APRD01094,Humans and other mammals
APRD00411,Humans and other mammals
APRD00831,Humans and other mammals
APRD00012,Humans and other mammals
APRD00960,Humans and other mammals
APRD01247,Humans and other mammals
APRD00324,Humans and other mammals
APRD01106,Humans and other mammals
APRD00580,Humans and other mammals
APRD00124,Humans and other mammals
APRD01323,Bacteria
APRD00813,Humans and other mammals
APRD00619,Humans and other mammals
APRD01327,Humans and other mammals
APRD00360,Humans and other mammals
APRD00483,Enteric bacteria and other eubacteria
APRD00691,Humans and other mammals
APRD01076,Enteric bacteria and other eubacteria
APRD00893,Humans and other mammals
APRD01213,Humans and other mammals
APRD00406,Humans and other mammals
APRD00140,Humans and other mammals
APRD00641,Humans and other mammals
APRD00134,Humans and other mammals
APRD00924,Humans and other mammals
DB06583,Humans and other mammals
APRD00499,Humans and other mammals
APRD00085,Humans and other mammals
APRD00321,Humans and other mammals
APRD00144,Humans and other mammals
APRD00030,Humans and other mammals
APRD01105,Humans and other mammals
APRD00811,Humans and other mammals
APRD00013,Enterobacter
APRD00808,Humans and other mammals
APRD00015,Humans and other mammals
DB05847,Humans and other mammals
APRD00270,Humans and other mammals
APRD00092,Humans and other mammals
APRD00892,Haemophilus influenzae
APRD00553,Humans and other mammals
APRD00110,Humans and other mammals
APRD00336,Humans and other mammals
EXPT01540,Human Herpes Virus
APRD00023,Humans and other mammals
APRD01066,Humans and other mammals
APRD01262,Yeast and other fungi
APRD00664,Humans and other mammals
DB05335,Humans and other mammals
APRD00944,Humans and other mammals
EXPT02271,Humans and other mammals
APRD00872,Humans and other mammals
APRD00876,Humans and other mammals
APRD00141,Humans and other mammals
APRD00076,Escherichia coli
APRD00233,Humans and other mammals
APRD00547,Enteric bacteria and other eubacteria
APRD00075,Humans and other mammals
APRD00051,Humans and other mammals
APRD00528,Humans and other mammals
APRD00031,Humans and other mammals
DB09528,Humans and other mammals
APRD00374,Humans and other mammals
EXPT02208,Humans and other mammals
APRD00795,Humans and other mammals
APRD00401,Fungi
APRD00744,Humans and other mammals
APRD00413,Humans and other mammals
APRD00687,Humans and other mammals
APRD00959,Humans and other mammals
APRD00167,Humans and other mammals
APRD01096,Humans and other mammals
APRD00703,Bacteria
APRD00509,Humans and other mammals
APRD00146,Humans and other mammals
APRD00525,Humans and other mammals
APRD00848,Humans and other mammals
DB09545,Humans and other mammals
APRD01024,"Yeast, Molds, Trypanosomes"
APRD01251,Humans and other mammals
APRD00118,Humans and other mammals
APRD00221,Humans and other mammals
APRD00996, Chlamydia psittaci
EXPT02777,Various gram-negative and gram-positive eubacteria
APRD01298,Humans and other mammals
APRD00978,Humans and other mammals
APRD00216,Human Immunodeficiency Virus
DB01287,Humans and other mammals
APRD00372,Humans and other mammals
APRD00694,Enteric bacteria and other eubacteria
DB11612,Staphylococcus epidermidis
APRD00421,Humans and other mammals
APRD00647,Humans and other mammals
APRD01266,Humans and other mammals
APRD00942,Humans and other mammals
APRD00469,Enteric bacteria and other eubacteria
APRD00248, Chlamydia psittaci
APRD00814,Enteric bacteria and other eubacteria
APRD00427,Humans and other mammals
APRD00462,Humans and other mammals
APRD00182,Humans and other mammals
DB08189,Humans and other mammals
APRD00850,Enteric bacteria and other eubacteria
APRD00436,Humans and other mammals
APRD00054,Humans and other mammals
APRD00601,Humans and other mammals
APRD00143,Humans and other mammals
APRD00386,Humans and other mammals
APRD00804,Human Immunodeficiency Virus
APRD00594,Humans and other mammals
APRD00107,Humans and other mammals
DB06975,Humans and other mammals
APRD00055,Humans and other mammals
APRD00964,Humans and other mammals
APRD00909,Humans and other mammals
APRD00096,Humans and other mammals
APRD00282,Humans and other mammals
APRD00366,Humans and other mammals
APRD00412,Enterococcus faecalis
APRD00255,Humans and other mammals
APRD00946,Humans and other mammals
APRD00382,Humans and other mammals
APRD00539,Humans and other mammals
APRD00604,Plasmodium
APRD01027,Humans and other mammals
APRD00906,Humans and other mammals
APRD00038,Humans and other mammals
APRD00833,Fungi
APRD00135,Humans and other mammals
EXPT01231,Humans and other mammals
APRD00117,Humans and other mammals
APRD00346,Humans and other mammals
APRD01150,Schistosoma mansoni
APRD00205,Humans and other mammals
APRD00546,Humans and other mammals
APRD00299,Yeast and other fungi
APRD00218,Humans and other mammals
APRD00203,Humans and other mammals
APRD00802,Humans and other mammals
APRD00317,Parasitic protozoa and helminths
DB08567,Humans and other mammals
APRD00456,Humans and other mammals
APRD01069,Humans and other mammals
APRD00734,Humans and other mammals
APRD01276,Humans and other mammals
APRD00056,Humans and other mammals
APRD01115,"Fungi, yeast and protozoans"
APRD00885,Gram-negative bacilli
APRD00285,Enteric bacteria and other eubacteria
DB07725,Humans and other mammals
DB09440,Humans and other mammals
APRD00590,Humans and other mammals
APRD00044,Humans and other mammals
APRD00805,Plasmodium
APRD00288,Humans and other mammals
APRD00914,Humans and other mammals
APRD00460,Humans and other mammals
APRD00089,Humans and other mammals
APRD00771,Humans and other mammals
APRD00535,Enteric bacteria and other eubacteria
APRD00267,Humans and other mammals
APRD00799,Humans and other mammals
APRD00385,Humans and other mammals
APRD00943,Yeast and other fungi
DB06284,Humans and other mammals
APRD01212,Humans and other mammals
APRD01197,Humans and other mammals
APRD00188,Plasmodium
APRD00653,Humans and other mammals
APRD01259,Humans and other mammals
APRD00709,Humans and other mammals
DB01334,Humans and other mammals
APRD00091,Humans and other mammals
DB06085,Enteric bacteria and other eubacteria
APRD00620,Humans and other mammals
APRD00860,Enteric bacteria and other eubacteria
APRD00196,Enteric bacteria and other eubacteria
APRD01114,"Aspergillis, Candida and other fungi"
APRD00398,Humans and other mammals
APRD00021,Humans and other mammals
DB07948,Humans and other mammals
APRD00704,Enteric bacteria and other eubacteria
APRD00719,Humans and other mammals
EXPT01068,Enteric bacteria and other eubacteria
APRD00972,Humans and other mammals
APRD00402,Humans and other mammals
APRD00461,Enteric bacteria and other eubacteria
DB07682,Humans and other mammals
APRD00843,Various Fungus Species
APRD00305,Yeast and other fungi
APRD00154,Humans and other mammals
APRD00053,Enteric bacteria and other eubacteria
APRD00621,Humans and other mammals
APRD00268,Bacteria and protozoa
APRD00830,Humans and other mammals
DB02330,Humans and other mammals
APRD00926,Humans and other mammals
APRD00404,Humans and other mammals
APRD00667,Humans and other mammals
APRD00789,Proteus mirabilis
APRD00840,Humans and other mammals
APRD00502,Enteric bacteria and other eubacteria
APRD00155,Humans and other mammals
APRD00040,"Fungi, yeast and protozoans"
APRD00695,Humans and other mammals
APRD00171,Humans and other mammals
APRD01007,Humans and other mammals
APRD00603,Humans and other mammals
APRD00026,Enteric bacteria and other eubacteria
APRD00097,Humans and other mammals
APRD00184,Humans and other mammals
APRD00683,Humans and other mammals
APRD00061,Humans and other mammals
APRD00126,Bacteria
APRD00865,Humans and other mammals
DB08417,Condyloma acuminatum
APRD00112,Humans and other mammals
APRD00007,Humans and other mammals
APRD00261,Humans and other mammals
APRD00025,Humans and other mammals
APRD00418,Humans and other mammals
APRD00981,Humans and other mammals
APRD00663,Humans and other mammals
DB13498,Humans and other mammals
APRD00871,Yeast and other fungi
APRD00907,Humans and other mammals
APRD00566,Enteric bacteria and other eubacteria
APRD00648,Humans and other mammals
APRD00158,Humans and other mammals
APRD00772,Humans and other mammals
APRD00475,Humans and other mammals
APRD00129,Humans and other mammals
APRD00625,Humans and other mammals
APRD00164,Humans and other mammals
APRD00356,Humans and other mammals
APRD00176,Humans and other mammals
APRD00622,Humans and other mammals
APRD01217,Mycobacterium
APRD01068,Humans and other mammals
APRD00301,Humans and other mammals
APRD00371,Humans and other mammals
APRD00974,Humans and other mammals
APRD00292,Humans and other mammals
APRD00271,Humans and other mammals
APRD01231,Enteric bacteria and other eubacteria
APRD00912,Humans and other mammals
APRD00165,Humans and other mammals
APRD00181,Mycobacterium avium
APRD00395,Salmonella typhi
APRD00985,Humans and other mammals
APRD00668,Humans and other mammals
APRD00955,Humans and other mammals
DB07774,Humans and other mammals
APRD00016,Humans and other mammals
APRD00419,Plasmodium
APRD00901,Humans and other mammals
APRD01218,Enteric bacteria and other eubacteria
APRD00493,Humans and other mammals
APRD00442,Humans and other mammals
APRD00329,Humans and other mammals
APRD00675,Humans and other mammals
APRD00068,Humans and other mammals
APRD01119,Humans and other mammals
APRD00745,Humans and other mammals
APRD00613,Humans and other mammals
DB05526,Humans and other mammals
APRD01169,Humans and other mammals
APRD00929,Humans and other mammals
APRD00623,Human Immunodeficiency Virus
APRD00665,Humans and other mammals
APRD00674,Humans and other mammals
EXPT01107,Humans and other mammals
APRD00219,Humans and other mammals
APRD00710,Humans and other mammals
APRD00638,Humans and other mammals
APRD00718,Humans and other mammals
APRD00949,Humans and other mammals
APRD00293,Humans and other mammals
DB07600,Humans and other mammals
APRD00866,Humans and other mammals
APRD00727,Humans and other mammals
APRD00696,Humans and other mammals
APRD00258,Humans and other mammals
APRD00701,Humans and other mammals
APRD00932,Humans and other mammals
DB01249,Humans and other mammals
DB01250,Humans and other mammals
DB01251,Humans and other mammals
DB01253,Humans and other mammals
DB01254,Humans and other mammals
DB01255,Humans and other mammals
DB01256,Bacteria
DB01257,Humans and other mammals
DB02584,Humans and other mammals
DB01260,Humans and other mammals
DB07214,Humans and other mammals
DB01262,Humans and other mammals
DB01263,"Aspergillis, Candida and other fungi"
EXPT00002,Human Immunodeficiency Virus
DB01265,Hepatitis B virus
DB01266,Humans and other mammals
DB01267,Humans and other mammals
DB07417,Humans and other mammals
DB01269,Humans and other mammals
DB01270,Humans and other mammals
DB01271,Humans and other mammals
DB01272,Humans and other mammals
DB01273,Humans and other mammals
DB01274,Humans and other mammals
DB01275,Humans and other mammals
DB01276,Humans and other mammals
DB01277,Humans and other mammals
DB01278,Humans and other mammals
DB01279,Humans and other mammals
DB01280,Humans and other mammals
DB01281,Humans and other mammals
DB01282,Humans and other mammals
DB01283,Humans and other mammals
DB01284,Humans and other mammals
DB09547,Humans and other mammals
DB01288,Humans and other mammals
DB01291,Humans and other mammals
DB01295,Humans and other mammals
EXPT01563,Humans and other mammals
DB01298,Bacteria
DB01303,Humans and other mammals
DB01306,Humans and other mammals
DB01307,Humans and other mammals
DB01309,Humans and other mammals
DB01319,Human Immunodeficiency Virus
DB01320,Humans and other mammals
DB01321,Enteric bacteria and other eubacteria
DB01324,Humans and other mammals
DB01325,Humans and other mammals
DB01326,Enteric bacteria and other eubacteria
DB01327,Enteric bacteria and other eubacteria
DB01328,Enteric bacteria and other eubacteria
DB01329,Enteric bacteria and other eubacteria
DB01330,Enteric bacteria and other eubacteria
EXPT00897,Enteric bacteria and other eubacteria
DB01332,Enteric bacteria and other eubacteria
DB01337,Humans and other mammals
DB01338,Humans and other mammals
DB01342,Humans and other mammals
DB06658,Humans and other mammals
DB01347,Humans and other mammals
DB01348,Humans and other mammals
DB01353,Humans and other mammals
DB01354,Humans and other mammals
EXPT03301,Humans and other mammals
DB01359,Humans and other mammals
DB01362,Humans and other mammals
DB01363,Humans and other mammals
DB01365,Humans and other mammals
DB01366,Humans and other mammals
EXPT02758,Humans and other mammals
DB01369,Enterococcus faecalis
DB01373,Humans and other mammals
DB01380,Humans and other mammals
DB01382,Humans and other mammals
DB01384,Humans and other mammals
DB01388,Humans and other mammals
DB01390,Humans and other mammals
DB01392,Humans and other mammals
DB08380,Humans and other mammals
DB01394,Humans and other mammals
DB01395,Humans and other mammals
DB01396,Humans and other mammals
DB01399,Humans and other mammals
DB01400,Humans and other mammals
DB01403,Humans and other mammals
DB01405,Enteric bacteria and other eubacteria
DB01406,Humans and other mammals
DB01407,Humans and other mammals
DB01408,Humans and other mammals
DB01409,Humans and other mammals
DB01410,Humans and other mammals
DB01411,Humans and other mammals
DB01413,Enteric bacteria and other eubacteria
DB01414,Enteric bacteria and other eubacteria
DB01415,Enteric bacteria and other eubacteria
DB01416,Enteric bacteria and other eubacteria
DB01418,Humans and other mammals
DBSALT001032,Humans and other mammals
DB01421,Enteric bacteria and other eubacteria
DB01423,Humans and other mammals
DB01424,Humans and other mammals
DB01426,Humans and other mammals
DB01427,Humans and other mammals
DB01428,Humans and other mammals
DB01430,Humans and other mammals
DB01432,Humans and other mammals
DB01433,Humans and other mammals
DB01434,Humans and other mammals
DB01435,Humans and other mammals
DB01436,Humans and other mammals
DB01437,Humans and other mammals
DB01438,Humans and other mammals
DB01439,Humans and other mammals
DB01440,Humans and other mammals
DB01441,Humans and other mammals
DB01442,Humans and other mammals
DB01443,Humans and other mammals
DB01444,Humans and other mammals
DB01445,Humans and other mammals
DB01452,Humans and other mammals
DB01463,Humans and other mammals
DB01466,Humans and other mammals
DB01481,Humans and other mammals
DB01486,Humans and other mammals
DB01497,Humans and other mammals
DB01515,Humans and other mammals
DB01520,Humans and other mammals
DB01541,Humans and other mammals
DB01544,Humans and other mammals
DB01549,Humans and other mammals
DB01558,Humans and other mammals
DB01559,Humans and other mammals
DB01560,Humans and other mammals
DB01562,Humans and other mammals
DB01564,Humans and other mammals
DB01567,Humans and other mammals
DB01571,Humans and other mammals
DB01576,Humans and other mammals
DB01577,Humans and other mammals
DB01578,Humans and other mammals
DB01579,Humans and other mammals
DB01580,Humans and other mammals
DB01583,Humans and other mammals
DB01586,Humans and other mammals
DB01588,Humans and other mammals
DB01589,Humans and other mammals
DB01590,Humans and other mammals
APRD00168,Humans and other mammals
DB01592,Humans and other mammals
DB01593,Humans and other mammals
DB01594,Humans and other mammals
DB01595,Humans and other mammals
EXPT00918,Humans and other mammals
DB01598,Enteric bacteria and other eubacteria
DB01599,Humans and other mammals
DB01600,Humans and other mammals
EXPT00388,Human Immunodeficiency Virus
DB01602,Enteric bacteria and other eubacteria
DB01603,Staphylococcus epidermidis
DB01604,Enteric bacteria and other eubacteria
DB01605,Enteric bacteria and other eubacteria
EXPT03012,Enteric bacteria and other eubacteria
DB01607,Enteric bacteria and other eubacteria
DB01608,Humans and other mammals
DB01609,Humans and other mammals
DB01610,Human Herpes Virus
DB01611,Plasmodium
DB01612,Humans and other mammals
DB01613,Humans and other mammals
DB01614,Humans and other mammals
DB01615,Humans and other mammals
DB01616,Humans and other mammals
DB01618,Humans and other mammals
DB01619,Humans and other mammals
DB01620,Humans and other mammals
DB01621,Humans and other mammals
DB01622,Humans and other mammals
DB01623,Humans and other mammals
DB08920,Humans and other mammals
DB01625,Humans and other mammals
DB01626,Humans and other mammals
DB01627,Enteric bacteria and other eubacteria
DB07166,Humans and other mammals
DB09391,Humans and other mammals
EXPT01582,Parasitic nematodes and other roundworms
EXPT02802,Humans and other mammals
EXPT00097,Humans and other mammals
EXPT03225,Bacteria
EXPT00280,Humans and other mammals
EXPT01101,Humans and other mammals
EXPT02824,Humans and other mammals
DB06593,Humans and other mammals
EXPT01246,Enterococcus faecalis
EXPT02501,Humans and other mammals
EXPT02600,Humans and other mammals
DB11103,Humans and other mammals
EXPT03240,Humans and other mammals
EXPT01355,Humans and other mammals
EXPT02131,Humans and other mammals
DB04402,Humans and other mammals
EXPT01362,Humans and other mammals
EXPT03082,Humans and other mammals
EXPT00959,Humans and other mammals
EXPT02902,Humans and other mammals
EXPT03310,Humans and other mammals
EXPT01507,Enteric bacteria and other eubacteria
EXPT02968,Humans and other mammals
EXPT03128,Humans and other mammals
EXPT01199,Humans and other mammals
EXPT01780,Humans and other mammals
EXPT02561,Clostridium perfringens
EXPT02741,Humans and other mammals
EXPT01349,Humans and other mammals
EXPT00247,Humans and other mammals
EXPT01391,Humans and other mammals
DB04184,Bacteria
EXPT00250,Mycobacterium
EXPT02965,Humans and other mammals
EXPT01917,Humans and other mammals
EXPT00901,Humans and other mammals
EXPT01794,Humans and other mammals
EXPT00673,Humans and other mammals
EXPT01576,Humans and other mammals
EXPT03299,Humans and other mammals
EXPT03307,Humans and other mammals
EXPT02786,Enteric bacteria and other eubacteria
DB07690,Humans and other mammals
EXPT02641,Humans and other mammals
DB08243,Humans and other mammals
EXPT00969,Humans and other mammals
EXPT00627,Humans and other mammals
EXPT00847,Enteric bacteria and other eubacteria
DB11615,Peptostreptococcus
EXPT01322,Humans and other mammals
EXPT00922,Humans and other mammals
EXPT02378,Humans and other mammals
DB02476,Humans and other mammals
EXPT02425,Humans and other mammals
EXPT02331,Humans and other mammals
DB04572,Humans and other mammals
DB05375,Humans and other mammals
DB04574,Humans and other mammals
DB04575,Humans and other mammals
DB04577,Humans and other mammals
DB04581,Humans and other mammals
DB04599,Humans and other mammals
DB04620,Humans and other mammals
DB04626,Enteric bacteria and other eubacteria
DB04630,Humans and other mammals
DB04633,Humans and other mammals
DB04660,Humans and other mammals
DB04690,Humans and other mammals
DB04711,Humans and other mammals
DB04725,Humans and other mammals
DB04738,Humans and other mammals
DB04743,Humans and other mammals
DB04785,Enteric bacteria and other eubacteria
DB04786,"Yeast, Molds, Trypanosomes"
DB04794,Fungi
DB04795,Humans and other mammals
DB04805,Humans and other mammals
DB04812,Humans and other mammals
DB04817,Humans and other mammals
DB04818,Humans and other mammals
DB04819,Humans and other mammals
DB04820,Humans and other mammals
DB04821,Humans and other mammals
DB04822,Humans and other mammals
DB04824,Humans and other mammals
DB04825,Humans and other mammals
DB04827,Humans and other mammals
DB04828,Humans and other mammals
DB04829,Humans and other mammals
DB04830,Humans and other mammals
DB04831,Humans and other mammals
DB04832,Humans and other mammals
DB04833,Humans and other mammals
DB04834,Humans and other mammals
DB04835,Human Immunodeficiency Virus
DB04836,Humans and other mammals
DB04837,Humans and other mammals
DB04838,Humans and other mammals
DB04839,Humans and other mammals
DB04840,Humans and other mammals
DB04841,Humans and other mammals
DB04842,Humans and other mammals
DB04843,Humans and other mammals
DB04844,Humans and other mammals
DB04846,Humans and other mammals
DB04847,Humans and other mammals
DB04848,Humans and other mammals
DB12033,Humans and other mammals
DB09032,Gram-positive Bacteria
DB04851,Humans and other mammals
DB04852,Humans and other mammals
DB03786,Humans and other mammals
DB04855,Humans and other mammals
DB04856,Humans and other mammals
DB04857,Humans and other mammals
DB04858,Humans and other mammals
DB04859,Humans and other mammals
DB04860,"Hepatitis C virus, RSV and other RNA/DNA viruses"
DB04861,Humans and other mammals
DB04862,"Hepatitis C virus, RSV and other RNA/DNA viruses"
DB04863,Humans and other mammals
DB01928,Humans and other mammals
DB04865,Humans and other mammals
DB04866,Protozoa
DB04867,Humans and other mammals
DB04868,Humans and other mammals
DB04869,Humans and other mammals
DB04870,Humans and other mammals
DB04871,Humans and other mammals
DB04872,Humans and other mammals
DB04873,Humans and other mammals
DB04874,Humans and other mammals
DB04875,Humans and other mammals
DB04876,Humans and other mammals
DB04877,Plasmodium
DB04878,Humans and other mammals
DB04879,Humans and other mammals
DB04880,Humans and other mammals
DB04881,Humans and other mammals
DB04882,Humans and other mammals
DB04883,Humans and other mammals
DB04884,Humans and other mammals
DB04885,Humans and other mammals
DB04886,Human Immunodeficiency Virus
DB04887,Human Immunodeficiency Virus
DB04888,Humans and other mammals
DB04889,Humans and other mammals
DB04890,Humans and other mammals
DB04891,Humans and other mammals
DB04892,Humans and other mammals
DB04893,Humans and other mammals
DB04894,Humans and other mammals
DB04895,Humans and other mammals
DB04896,Humans and other mammals
DB04897,Humans and other mammals
DB04898,Humans and other mammals
DB04899,Humans and other mammals
DB04900,Humans and other mammals
DB04901,Humans and other mammals
DB04903,Humans and other mammals
DB04904,Humans and other mammals
DB04905,Humans and other mammals
DB04907,Humans and other mammals
DB04908,Humans and other mammals
DB04909,Plasmodium
DB04910,Helminthic Microorganisms
DB04911,Enterococcus faecalis
DB04912,Humans and other mammals
DB04914,Humans and other mammals
DB04915,Humans and other mammals
DB04917,Humans and other mammals
DB04918,Enteric bacteria and other eubacteria
DB04919,Humans and other mammals
DB04920,Humans and other mammals
DB04921,Humans and other mammals
DB04924,Humans and other mammals
DB04925,Humans and other mammals
DB04926,Humans and other mammals
DB04927,Fungi
DB04928,Humans and other mammals
DB04929,Humans and other mammals
DB04930,Scabies (Sarcoptes scabei) and other insects
DB04931,Humans and other mammals
DB04932,Humans and other mammals
DB04933,Humans and other mammals
DB04934,Bacteria
DB04936,Humans and other mammals
DB04938,Humans and other mammals
DB04941,Humans and other mammals
DB03873,Humans and other mammals
DB04943,Humans and other mammals
DB04944,Humans and other mammals
DB04946,Humans and other mammals
DB04947,Humans and other mammals
DB04948,Humans and other mammals
DB04949,Humans and other mammals
DB04950,Humans and other mammals
DB04951,Humans and other mammals
DB04952,Gram-positive Bacteria
DB04953,Humans and other mammals
DB04954,Humans and other mammals
DB04955,Humans and other mammals
DB04956,Humans and other mammals
DB04957,Humans and other mammals
DB04958,Humans and other mammals
DB04959,Humans and other mammals
DB04960,Humans and other mammals
DB04961,Humans and other mammals
DB04962,Humans and other mammals
DB04963,Humans and other mammals
DB04964,Humans and other mammals
DB04967,Humans and other mammals
DB04968,Humans and other mammals
DB04969,Humans and other mammals
DB04970,Humans and other mammals
DB04971,Humans and other mammals
DB04972,Humans and other mammals
DB04973,Humans and other mammals
DB04975,Humans and other mammals
DB04976,Humans and other mammals
DB04977,Humans and other mammals
DB04978,Humans and other mammals
DB04979,Humans and other mammals
DB04980,Humans and other mammals
DB04981,Humans and other mammals
DB04982,Humans and other mammals
DB04983,Humans and other mammals
DB04985,Humans and other mammals
DB04986,Humans and other mammals
DB04987,Humans and other mammals
DB04988,Humans and other mammals
DB04989,Humans and other mammals
DB04991,Humans and other mammals
DB04996,Humans and other mammals
DB05013,Humans and other mammals
DB05014,Humans and other mammals
DB05015,Humans and other mammals
DB05016,Humans and other mammals
DB05039,Humans and other mammals
DB05046,Humans and other mammals
DB05056,Humans and other mammals
DB05084,Humans and other mammals
DB05095,Humans and other mammals
DB05109,Humans and other mammals
DB05121,Humans and other mammals
DB05129,Humans and other mammals
DB05210,Humans and other mammals
DB05212,Humans and other mammals
DB05214,Humans and other mammals
DB05217,Humans and other mammals
DB05218,Humans and other mammals
DB05219,Humans and other mammals
DB05220,Humans and other mammals
DB05222,Bacteria
DB05223,Humans and other mammals
DB05224,Bacteria
DB05225,Humans and other mammals
DB05227,Humans and other mammals
DB05228,Human Immunodeficiency Virus
DB05229,Humans and other mammals
DB05230,Humans and other mammals
DB05232,Humans and other mammals
DB05233,Humans and other mammals
DB05234,Humans and other mammals
DB05235,Humans and other mammals
DB05236,Humans and other mammals
DB05237,Humans and other mammals
DB05239,Humans and other mammals
DB05241,Humans and other mammals
DB05242,Humans and other mammals
DB05243,Humans and other mammals
DB05244,Humans and other mammals
DB05245,Staphylococcus aureus
DB05246,Humans and other mammals
DB05252,Humans and other mammals
DB05253,Humans and other mammals
DB08977,Humans and other mammals
DB05255,Humans and other mammals
DB05258,Humans and other mammals
APRD00999,Humans and other mammals
DB05260,Humans and other mammals
DB05262,Humans and other mammals
DB05066,Humans and other mammals
DB05271,Humans and other mammals
DB08764,Humans and other mammals
DB05305,Humans and other mammals
DB05306,Humans and other mammals
DB05307,Humans and other mammals
DB05308,Humans and other mammals
DB05311,Humans and other mammals
DB05316,Humans and other mammals
DB05332,Humans and other mammals
DB00667,Humans and other mammals
DB05472,"Hepatitis C virus, RSV and other RNA/DNA viruses"
DB05475,"Hepatitis C virus, RSV and other RNA/DNA viruses"
DB05479,Yeast and other fungi
DB05518,Humans and other mammals
DB05521,Hepatitis C Virus
DB05524,Humans and other mammals
DB05528,Humans and other mammals
DB05532,Human Immunodeficiency Virus
DB05541,Humans and other mammals
DB05578,Humans and other mammals
DB05630,Protozoa
DB05631,Humans and other mammals
DB05650,Humans and other mammals
DB05653,Humans and other mammals
DB05659,Gram-positive Bacteria
DB05662,Humans and other mammals
DB05671,Humans and other mammals
DB05675,Humans and other mammals
DB05676,Humans and other mammals
DB05679,Humans and other mammals
DB05685,Humans and other mammals
DB05687,Humans and other mammals
DB05688,Humans and other mammals
DB05705,Humans and other mammals
DB05708,Humans and other mammals
DB05710,Humans and other mammals
DB05712,Humans and other mammals
DB05713,Humans and other mammals
DB05718,Humans and other mammals
DB05719,Humans and other mammals
DB05722,Humans and other mammals
DB05730,Humans and other mammals
DB05732,Humans and other mammals
DB05758,Humans and other mammals
DB05773,Humans and other mammals
DB05794,Humans and other mammals
DB05812,Humans and other mammals
DB05829,Humans and other mammals
DB12175,Humans and other mammals
DB05889,Humans and other mammals
DB06016,Humans and other mammals
DB06043,Humans and other mammals
DB06073,Humans and other mammals
DB06144,Humans and other mammals
DB06145,Streptococcus viridans
DB06148,Humans and other mammals
DB06149,Gram-positive Bacteria
DB06150,Humans and other mammals
DB05436,Humans and other mammals
DB06154,Humans and other mammals
DB06155,Humans and other mammals
DB06168,Humans and other mammals
DB03743,Humans and other mammals
DB06186,Humans and other mammals
DB06195,Humans and other mammals
DB06196,Humans and other mammals
DB06201,Humans and other mammals
DB06202,Humans and other mammals
DB06203,Humans and other mammals
DB06204,Humans and other mammals
DB06205,Humans and other mammals
DB06206,Humans and other mammals
DB06207,Humans and other mammals
DB06209,Humans and other mammals
DB06210,Humans and other mammals
DB06211,Proteus mirabilis
DB06212,Humans and other mammals
DB06213,Humans and other mammals
DB06215,Humans and other mammals
DB06216,Humans and other mammals
DB06217,Humans and other mammals
DB06218,Humans and other mammals
DB06219,Streptococcus constellatus
DB08477,Humans and other mammals
DB06237,Humans and other mammals
DB06243,Trypanosoma brucei gambiense
DB06255,Humans and other mammals
DB06258,Humans and other mammals
DB06261,Humans and other mammals
DB06262,Humans and other mammals
DB06263,Humans and other mammals
DB03762,Humans and other mammals
DB06267,Humans and other mammals
DB06268,Humans and other mammals
DB06271,Humans and other mammals
DB06273,Humans and other mammals
DB06274,Humans and other mammals
DB06282,Humans and other mammals
DB06283,Humans and other mammals
DB05581,Humans and other mammals
DB06287,Humans and other mammals
DB06288,Humans and other mammals
DB06290,Hepatitis C Virus
DB06292,Humans and other mammals
DB06317,Humans and other mammals
DB06366,Humans and other mammals
DB06372,Humans and other mammals
DB06401,Humans and other mammals
DB06402,Streptococcus anginosus
DB06403,Humans and other mammals
DB06404,Humans and other mammals
DB06410,Humans and other mammals
DB06412,Humans and other mammals
DB06413,Humans and other mammals
DB06415,Humans and other mammals
DB06419,Bacteria
DB06429,Humans and other mammals
DB06433,Humans and other mammals
DB06439,Humans and other mammals
DB06441,Humans and other mammals
DB06442,Humans and other mammals
DB06446,Humans and other mammals
DB06480,Humans and other mammals
DB06512,Humans and other mammals
DB06554,Humans and other mammals
DB06581,Human Immunodeficiency Virus
DB06589,Humans and other mammals
DB06590,Staphylococcus aureus
DB06595,Humans and other mammals
DB06603,Humans and other mammals
DB07828,Humans and other mammals
DB06607,Humans
DB06612,Humans and other mammals
DB03655,Influenza B virus
DB06616,Humans and other mammals
DB06623,Humans and other mammals
DB06626,Humans and other mammals
DB06636,"Aspergillis, Candida and other fungi"
DB06637,Humans and other mammals
DB06643,Humans and other mammals
DB06650,Humans and other mammals
DB06654,Humans and other mammals
DB06655,Humans and other mammals
DB06663,Humans and other mammals
DB06674,Humans and other mammals
DB06678,Humans and other mammals
DB06681,Humans and other mammals
DB06684,Humans and other mammals
DB06688,Humans and other mammals
DB06689,Humans and other mammals
DB06692,Humans and other mammals
DB06693,Humans and other mammals
DB06695,Humans and other mammals
DB06696, Acinetobacter
DB06697,Plasmodium
DB06698,Humans and other mammals
DB06699,Humans and other mammals
DB06700,Humans and other mammals
DB06701,Humans and other mammals
DB06702,Humans and other mammals
DB06703,Humans and other mammals
DB09497,Humans and other mammals
DB06705,Humans and other mammals
DB06707,Humans and other mammals
DB06708,Plasmodium
DB05279,Humans and other mammals
DB06718,Humans and other mammals
DB06719,Humans and other mammals
DB06724,Humans and other mammals
DB06725,Humans and other mammals
DB06727,Humans and other mammals
DB06729,Gram negative and gram positive bacteria
DB06738,Humans and other mammals
DB06741,Humans and other mammals
DB06751,Humans and other mammals
DB06752,Humans and other mammals
DB06755,Humans and other mammals
DB06756,Humans and other mammals
DB06757,Humans and other mammals
DB06759,Human Cytomegalovirus
DB06760,Humans and other mammals
DB06764,Humans and other mammals
DB06767,Humans and other mammals
DB06768,Humans and other mammals
DB06770,Head lice
DB05862,Streptococcus salivarius
DB06772,Humans and other mammals
DB06773,Humans and other mammals
DB05318,Humans and other mammals
DB06775,Humans and other mammals
DB06781,Humans and other mammals
DB09412,Humans and other mammals
DB06785,Humans and other mammals
DB06786,Humans and other mammals
DB06788,Humans and other mammals
DB06789,Humans and other mammals
DB06792,Humans and other mammals
DB06793,Humans and other mammals
DB06794,Humans and other mammals
DB06795,Pseudomonas aeruginosa
DB06146,Enterococcus faecium
DB06800,Humans and other mammals
DB06803,Helminthic Microorganisms
DB06809,Humans and other mammals
DB06811,Humans and other mammals
DB05527,Humans and other mammals
DB06815,Yeast and other fungi
DB05355,Human Immunodeficiency Virus
DB06820,"Dermatophytic fungi including Trichophyton, Microsporum and Epidermophyton"
DB06823,Humans and other mammals
DB06824,Humans and other mammals
DB06826,Humans and other mammals
DB06827,Mycobacterium tuberculosis
DB07615,Humans and other mammals
DB08439,Humans and other mammals
DB08604,Bacteria
DB08792,Protozoa
DB08796,Humans and other mammals
DB08797,Humans and other mammals
DB08798,Enteric bacteria and other eubacteria
DB08799,Humans and other mammals
DB07523,Humans and other mammals
DB08801,Humans and other mammals
DB08802,Humans and other mammals
DB08804,Humans and other mammals
DB08806,Humans and other mammals
DB08807,Humans and other mammals
DB08808,Humans and other mammals
DB08810,Humans and other mammals
DB08811,Humans and other mammals
DB08814,Humans and other mammals
DB08815,Humans and other mammals
DB04902,Humans and other mammals
DB08818,Humans and other mammals
DB08819,Humans and other mammals
DB05989,Humans and other mammals
DB05358,Humans and other mammals
DB08823,Head lice
DB09548,Humans and other mammals
DB08826,Humans and other mammals
DB08827,Humans and other mammals
DB08828,Humans and other mammals
DB08830,Humans and other mammals
DB08831,Humans and other mammals
DB08834,Humans and other mammals
DB08835,Humans and other mammals
DB08836,Humans and other mammals
DB08837,Humans and other mammals
DB08838,Humans and other mammals
DB08842,Humans and other mammals
EXPT03202,Humans and other mammals
EXPT00137,Humans and other mammals
DB08468,Humans and other mammals
DB08847,Humans and other mammals
DB08848,Humans and other mammals
DB06514,Humans and other mammals
DB05083,Human Immunodeficiency Virus
DB08700,Humans and other mammals
DB05366,Humans and other mammals
DB08868,Humans and other mammals
DB08869,Humans and other mammals
DB08870,Humans and other mammals
DB04922,Humans and other mammals
DB05665,Hepatitis C Virus
DB08874,Peptoclostridium difficile
DB05153,Humans and other mammals
DB08876,Humans and other mammals
DB08877,Humans and other mammals
DB08879,Humans and other mammals
DB03805,Humans and other mammals
DB05238,Humans and other mammals
DB08882,Humans and other mammals
DB08883,Humans and other mammals
DB08884,Humans and other mammals
DB08885,Humans and other mammals
DB08886,Humans and other mammals
DB06291,Humans and other mammals
DB05028,Humans and other mammals
DB08889,Humans and other mammals
DB05566,Humans and other mammals
DB05702,Humans and other mammals
DB08894,Humans and other mammals
DB08183,Humans and other mammals
DB08896,Humans and other mammals
DB08897,Humans and other mammals
DB08898,Humans and other mammals
DB05094,Humans and other mammals
DB08900,Humans and other mammals
DB06300,Humans and other mammals
DB05872,Gram-positive Bacteria
DB08903,Mycobacterium tuberculosis
DB08904,Humans and other mammals
DB08906,Humans and other mammals
DB08907,Humans and other mammals
DB08908,Humans and other mammals
DB06170,Humans and other mammals
DB08910,Humans and other mammals
DB08911,Humans and other mammals
DB08912,Humans and other mammals
DB09566,Humans and other mammals
DB08483,Humans and other mammals
DB08916,Humans and other mammals
DB08917,Humans and other mammals
DB08918,Humans and other mammals
DB08924,Humans and other mammals
DB08925,Humans and other mammals
DB08927,Humans and other mammals
DB08928,Protozoa
DB08930,Human Immunodeficiency Virus
DB08931,Humans and other mammals
DB08932,Humans and other mammals
DB08933,Fungi
DB08934,Hepatitis C Virus
DB08935,Humans and other mammals
DB08936,Humans and other mammals
DB08937,Humans and other mammals
DB08938,Humans and other mammals
DB08942,Humans and other mammals
DB08993,Mycobacterium tuberculosis
DB08996,Humans and other mammals
DB09011,Humans and other mammals
DB01258,Humans and other mammals
DB09027,Hepatitis C Virus
DB09029,Humans and other mammals
DB09037,Humans and other mammals
DB05715,Humans and other mammals
DB09040,"Dermatophytic fungi including Trichophyton, Microsporum and Epidermophyton"
DB05058,"Dermatophytic fungi including Trichophyton, Microsporum and Epidermophyton"
DB09042,Enterococcus faecalis
DB05162,Humans and other mammals
DB09045,Humans and other mammals
DB09046,Humans and other mammals
DB09047,Pseudomonas aeruginosa
DB09048,Humans and other mammals
DB09049,Humans and other mammals
DB09050,Pseudomonas aeruginosa
DB09051,Humans and other mammals
DB09052,Humans and other mammals
DB09053,Humans and other mammals
DB09054,Humans and other mammals
DB09060,Providencia stuartii
DB09066,Humans and other mammals
DB09072,Humans and other mammals
DB09076,Humans and other mammals
DB09083,Humans and other mammals
DB09084,Humans and other mammals
DB09087,Humans and other mammals
DB09088,Humans and other mammals
DB09091,Humans and other mammals
DB09092,Human Immunodeficiency Virus
DB09094,Various viruses
DB09095,Humans and other mammals
DB09096,Propionibacterium acnes
DB09098,Humans and other mammals
DB09100,Humans and other mammals
DB09102,Hepatitis C Virus
DB09103,Humans and other mammals
DB09104,Humans and other mammals
DB09105,Humans and other mammals
DB09106,Humans and other mammals
DB09109,Humans and other mammals
DB09111,Humans and other mammals
DB09113,Humans and other mammals
DB09114,Humans and other mammals
DB09116,Humans and other mammals
DB09119,Humans and other mammals
DB09121,Humans and other mammals
DB09124,Humans and other mammals
DB09125,Humans and other mammals
DB09131,Humans and other mammals
DB09139,Humans and other mammals
DB09140,Humans and other mammals
DB09145,Humans and other mammals
DB09147,Humans and other mammals
DB09152,Humans and other mammals
DB09155,Humans and other mammals
DB09157,Humans and other mammals
DB09158,Humans and other mammals
DB09505,Humans and other mammals
DB09417,Humans and other mammals
DB09183,Hepatitis C Virus
DB09194,Humans and other mammals
DB09195,Humans and other mammals
DB09204,Humans and other mammals
DB09205,Humans and other mammals
DB09209,Humans and other mammals
DB09213,Humans and other mammals
DB09216,Humans and other mammals
DB09218,Humans and other mammals
DB09219,Humans and other mammals
DB09222,Humans and other mammals
DB09225,Humans and other mammals
DB09227,Humans and other mammals
DB09229,Humans and other mammals
DB09231,Humans and other mammals
DB09232,Humans and other mammals
DB09235,Humans and other mammals
DB09237,Humans
DB09238,Humans and other mammals
DB09241,Humans and other mammals
DB09242,Humans and other mammals
DB09243,Humans and other mammals
DB09244,Humans and other mammals
DB09248,Humans and other mammals
DB09249,Humans and other mammals
DB09254,Humans and other mammals
DB09255,Humans and other mammals
DB09256,Humans and other mammals
DB09258,Humans
DB09262,Humans and other mammals
DB09263,Humans and other mammals
DB09264,Humans and other mammals
DB09266,Humans and other mammals
DB09267,Humans and other mammals
DB09268,Humans and other mammals
DB09269,Humans and other mammals
DB09270,Humans and other mammals
DB09273,Humans and other mammals
DB09275,Humans and other mammals
DB09276,Humans and other mammals
DB09277,Humans and other mammals
DB05269,Humans and other mammals
DB09279,Humans and other mammals
DB09283,Humans and other mammals
DB09284,Humans and other mammals
DB09288,Humans and other mammals
DB09289,Humans
DB09297,Hepatitis C Virus
DB11535,Humans and other mammals
DB11339,Humans and other mammals
DB09304,Humans and other mammals
DB09311,Humans and other mammals
DB09315,Humans and other mammals
DB09316,Humans and other mammals
DB09321,Humans and other mammals
DB09323,Staphylococcus epidermidis
DB09324,Clostridium
DB09327,Humans and other mammals
DB09331,Humans and other mammals
DB09333,Humans and other mammals
DB09336,Humans and other mammals
DB09337,Humans and other mammals
DB09343,Humans and other mammals
DB09347,Humans and other mammals
DB09348,Various viruses
DB09350,Head lice
DB09351,Humans and other mammals
DB09353,Humans and other mammals
DB09372,Humans and other mammals
DB09379,Humans and other mammals
DB09470,Humans and other mammals
DB09398,Humans and other mammals
DB09419,Humans and other mammals
DB09479,Humans and other mammals
DB09484,Humans and other mammals
DB09490,Humans and other mammals
DB12546,Humans and other mammals
DB09499,Humans and other mammals
DB09150,Humans and other mammals
DB09511,Humans and other mammals
DB09516,Humans and other mammals
DB09534,Humans and other mammals
DB09535,Humans and other mammals
DB09537,Various viruses
DB09540,Humans and other mammals
DB09543,Humans and other mammals
DB09563,Humans and other mammals
DB09567,Humans and other mammals
DB09568,Humans and other mammals
DB09570,Humans and other mammals
DB05902,Humans and other mammals
DB10401,Humans and other mammals
DB10770,Humans and other mammals
DB10771,Humans
DB10772,Humans
DB10997,Humans and other mammals
DB05348,Humans and other mammals
DB11060,Humans and other mammals
DB11062,Humans and other mammals
DB11065,Humans and other mammals
DB11066,Humans and other mammals
DB11071,Humans and other mammals
DB05748,Humans and other mammals
DB11082,Humans and other mammals
DB11085,Humans and other mammals
DB11090,Humans and other mammals
DB11093,Humans and other mammals
DB11097,Humans and other mammals
DB11098,Humans and other mammals
DB11100,Humans and other mammals
DB11104,Humans and other mammals
DB11105,Humans and other mammals
DB11110,Humans and other mammals
DB11112,Humans and other mammals
DB11114,Humans and other mammals
DB11121,Humans and other mammals
DB11127,Humans and other mammals
DB11130,Humans and other mammals
DB11143,Humans and other mammals
DB11145,Penicillium notatum
DB11148,Humans and other mammals
DB11150,Humans
DB11151,Humans
DB11155,Humans and other mammals
DB11156,Humans
DB11157,Humans
DB11160,Humans and other mammals
DB11164,Humans
DB11171,Humans and other mammals
DB11180,Humans and other mammals
DB11185,Humans and other mammals
DB11200,Humans and other mammals
DB11201,Humans
DB11202,Humans and other mammals
DB11226,Humans and other mammals
DB11239,Humans and other mammals
DB11242,Humans and other mammals
DB11248,Humans and other mammals
DB11251,Humans and other mammals
DB11254,Humans and other mammals
DB11271,Humans and other mammals
DB11273,Humans and other mammals
DB11274,Humans and other mammals
DB11275,Humans and other mammals
DB11282,Humans and other mammals
DB11300,Humans and other mammals
DB11304,Humans and other mammals
DB11311,Humans and other mammals
DB11321,Humans and other mammals
DB11323,Humans and other mammals
DB11324,Humans and other mammals
DB11328,Humans and other mammals
DB11332,Humans
DB11338,Humans and other mammals
DB11053,Humans and other mammals
DB11358,Humans and other mammals
DB11362,Humans and other mammals
DB11364,Humans and other mammals
DB11367,Salmonella schottmuelleri
DB11431,"Microbes (bacteria, parasites)"
DB11482,Humans
DB11563,Humans and other mammals
DB11571,Humans and other mammals
DB11572,Humans and other mammals
DB11574,Hepatitis C Virus
DB11575,Hepatitis C Virus
DB11577,Humans and other mammals
DB11582,Humans and other mammals
DB11583,Gram negative and gram positive bacteria
DB11584,Humans and other mammals
DB11585,Humans and other mammals
DB11586,Hepatitis C Virus
DB11587,Humans
DB11588,Humans and other mammals
DB11590,Humans
DB11591,Humans and other mammals
DB11596,Humans and other mammals
DB11598,Humans and other mammals
DB11602,Humans and other mammals
DB11604,Humans and other mammals
DB11613,Hepatitis C Virus
DB11619,Humans
DB10993,Hepatitis B virus
DB11632,Humans and other mammals
DB11633,"Aspergillis, Candida and other fungi"
DB11635,Humans and other mammals
DB11642,Humans and other mammals
DB11644,Humans and other mammals
DB11660,Humans and other mammals
DB11691,Humans and other mammals
DB11699,Humans and other mammals
DB11703,Humans and other mammals
DB11712,Humans and other mammals
DB11714,Humans and other mammals
DB11730,Humans and other mammals
DB11737,Humans and other mammals
DB11767,Humans and other mammals
DB11776,Humans and other mammals
DB11793,Humans and other mammals
DB11799,Human Immunodeficiency Virus
DB11827,Humans and other mammals
DB11828,Humans and other mammals
DB11834,Humans and other mammals
DB11842,Humans and other mammals
DB05658,Human Immunodeficiency Virus
DB11901,Humans and other mammals
DB11915,Humans and other mammals
DB11921,Humans and other mammals
DB11943,Klebsiella oxytoca
DB11945,Humans and other mammals
DB11988,Humans and other mammals
DB11989,Trypanosoma cruzi
DB11995,Humans and other mammals
DB12001,Humans and other mammals
DB06024,Humans and other mammals
DB12026,Hepatitis C Virus
DB12070,Human Cytomegalovirus
DB12095,Humans and other mammals
DB12107,Klebsiella pneumoniae
DB12129,Humans and other mammals
DB12159,Humans and other mammals
DB12161,Humans and other mammals
DB12249,Humans and other mammals
DB12267,Humans and other mammals
DB12278,Humans and other mammals
DB12323,Humans and other mammals
DB12328,Humans and other mammals
DB12332,Humans and other mammals
DB06601,Humans and other mammals
DB12442,Humans and other mammals
DB12532,Humans and other mammals
DB12615,Klebsiella pneumoniae
DB12834,Bacteroides fragilis
DB12865,Humans and other mammals
DB12872,Humans
DB12911,Humans and other mammals
DB12924,Humans and other mammals
DB13025,Humans and other mammals
DB05709,Gram negative and gram positive bacteria
DB13133,Humans
DB13140,Peptoclostridium difficile
DB13142,Humans and other mammals
DB13145,Humans and other mammals
DB13146,Humans and other mammals
DB13147,Humans and other mammals
DB13148,Humans and other mammals
DB13149,Humans and other mammals
DB13151,Humans and other mammals
DB13155,Aerococcus viridans
DB13161,Humans and other mammals
DB13165,Humans and other mammals
DB13167,Humans and other mammals
DB06377,Humans and other mammals
DB13173,Humans and other mammals
DB13174,Staphylococcus aureus
DB11196,Humans and other mammals
DB01361,Enteric bacteria and other eubacteria
DB13192,Humans and other mammals
DB13198,Humans and other mammals
DB13235,Humans and other mammals
DB13249,Humans and other mammals
DB13257,Humans and other mammals
DB13268,"Trichomonas vaginalis, Giardia duodenalis, and Entamoeba histolytica"
DB13293,Humans
DB13345,Humans and other mammals
DB13421,Herpes simplex virus
DB13444,Humans and other mammals
DB13456, Bordetella pertussis
DB13595,Humans and other mammals
DB13615,Humans and other mammals
DB13620,Humans and other mammals
DB13707,Humans and other mammals
DB13749,Humans and other mammals
DB13751,Various viruses
DB13761,Humans and other mammals
DB13783,Humans and other mammals
DB13800,Humans and other mammals
DB13853,Humans and other mammals
DB13873,Humans and other mammals
DB13878,Hepatitis C Virus
DB13879,Hepatitis C Virus
DB13883,Humans and other mammals
DB13884,Humans
DB13886,Humans
DB13891,Humans
DB13892,Humans
DB13893,Humans and other mammals
DB13894,Humans
DB13896,Humans and other mammals
DB13905,Humans and other mammals
DB13908,Humans and other mammals
DB13909,Humans and other mammals
DB13915,Humans and other mammals
DB13923,Humans and other mammals
DB13925,Humans and other mammals
DB13928,Humans and other mammals
DB13931,Humans and other mammals
DB13932,Humans and other mammals
DB13933,Humans and other mammals
DBSALT001298,Humans and other mammals
DB13945,Humans and other mammals
DBSALT001033,Humans and other mammals
DB13959,Humans and other mammals
DB13960,Enterobacter aerogenes
DB13961,Humans and other mammals
DB13966,Humans and other mammals
DB13967,Humans and other mammals
DB13968,Humans
DB13973,Humans and other mammals
DB13975,Humans and other mammals
DB13979,Humans and other mammals
DB13985,Humans and other mammals
DB13987,Humans and other mammals
DBSALT001314,Humans and other mammals
DB13997,Humans
DBSALT001494,Humans and other mammals
DBSALT001457,Humans and other mammals
DB14003,Humans and other mammals
DBSALT001568,Head lice
DBSALT001576,Humans and other mammals
DB14007,Humans and other mammals
DB14012,Humans and other mammals
DB14018,Humans and other mammals
DBSALT000856,Humans and other mammals
DB14039,Humans and other mammals
DB14040,Humans and other mammals
DB14041,Humans and other mammals
DB14042,Humans and other mammals
DB14048,Humans and other mammals
DB14112,Humans and other mammals
