drugbank-id,name,url
BIOD00024,Berlex Labs,http://www.berlex.com
BIOD00071,Oso Biopharmaceuticals Manufacturing LLC,
BIOD00001,Medpointe Pharmaceuticals,
BIOD00084,Ligand Pharmaceuticals Inc.,http://www.ligand.com
BIOD00052,Vetter Pharma Fertigung GmbH and Co. KG,http://www.vetter-pharma.com
DB02351,The Medicines Co.,http://www.themedicinescompany.com
BIOD00009,Tolmar Inc.,http://www.tolmar.com
BIOD00043,F Hoffmann-La Roche Ltd.,http://www.roche.com
BIOD00050,Genentech Inc.,http://www.gene.com
BIOD00033,Live Well Drugstore LLC,http://www.livewelldrugstore.com
BIOD00032,Physicians Total Care Inc.,http://www.physicianstotalcare.com
BIOD00030,Microbix Biosystems Inc.,http://www.microbix.com
BIOD00113,AstraZeneca Inc.,http://www.astrazeneca.ca
BIOD00013,PDL BioPharma Inc.,http://www.pdl.com
DB08923,Physicians Total Care Inc.,http://www.physicianstotalcare.com
BIOD00025,Upsher Smith Laboratories,http://www.upsher-smith.com
BIOD00023,Hemispherx Biopharma Inc.,http://www.hemispherx.net
BIOD00094,Physicians Total Care Inc.,http://www.physicianstotalcare.com
BIOD00035,Wyeth Pharmaceuticals,http://www.wyeth.com
BIOD00039,Professional Co.,
BIOD00048,Vetter Pharma Fertigung GmbH and Co. KG,http://www.vetter-pharma.com
BIOD00011,Prescript Pharmaceuticals,http://www.prescript.net
BIOD00020,Organon Pharmaceuticals,http://www.organonshop.com
DBSALT002413,Wyeth Pharmaceuticals,http://www.wyeth.com
BIOD00060,BioVitrum AB,http://www.biovitrum.com
BIOD00036,Professional Co.,
BIOD00091,Talecris Biotherapeutics,http://www.talecris.com
BIOD00102,Haupt Pharma,http://haupt-pharma.de
DB08914,Physicians Total Care Inc.,http://www.physicianstotalcare.com
BIOD00019,Genentech Inc.,http://www.gene.com
BIOD00018,Ferring Pharmaceuticals Inc.,http://www.ferring.com
BIOD00017,InterMune Inc.,http://www.intermune.com
DB00037,F Hoffmann-La Roche Ltd.,http://www.roche.com
BIOD00061,Watson Pharmaceuticals,http://www.watson.com
BIOD00006,Novo Nordisk Inc.,http://www.novonordisk.com
BIOD00021,Wyeth Pharmaceuticals,http://www.wyeth.com
BIOD00042,BioVitrum AB,http://www.biovitrum.com
BIOD00057,Physicians Total Care Inc.,http://www.physicianstotalcare.com
BIOD00082,Prometheus Laboratories Inc.,http://www.prometheuslabs.com
BIOD00070,Solstice Neurosciences,http://www.solsticeneuro.com
BIOD00081,Novartis AG,http://www.novartis.com
BIOD00056,Merck Serono SPA,http://www.merckserono.net
DB01310,Physicians Total Care Inc.,http://www.physicianstotalcare.com
DB01308,Sanofi-Aventis Inc.,http://www.sanofi-aventis.com
DB11249,Medisca Inc.,http://www.medisca.com
BIOD00090,Sanofi-Aventis Inc.,http://www.sanofi-aventis.com
BIOD00115,Solvay Pharmaceuticals,http://global.abbottgrowth.com
BIOD00049,Vetter Pharma Fertigung GmbH and Co. KG,http://www.vetter-pharma.com
DB06417,Wasserburger Arzneimittelwerk GmbH,
BIOD00026,Genzyme Inc.,http://www.genzyme.ca
BIOD00041,JHP Pharmaceuticals LLC,http://www.jhppharma.com
BIOD00068,Eli Lilly & Co.,http://www.lilly.com
BIOD00077,Wyeth Pharmaceuticals,http://www.wyeth.com
BIOD00108,EUSA Pharma Inc.,http://www.eusapharma.com
BIOD00002,Talecris Biotherapeutics,http://www.talecris.com
BIOD00079,Enzon Inc.,http://www.enzon.com
BIOD00093,Vetter Pharma Fertigung GmbH and Co. KG,http://www.vetter-pharma.com
BIOD00100,Enzon Inc.,http://www.enzon.com
DB00064,Talecris Biotherapeutics,http://www.talecris.com
BIOD00063,Teva Pharmaceutical Industries Ltd.,http://www.tevapharm.com
BIOD00004,Hospira Inc.,http://www.hospira.com
DB09024,Vetter Pharma Fertigung GmbH and Co. KG,http://www.vetter-pharma.com
DB09392,PD-Rx Pharmaceuticals Inc.,http://www.pdrx.com
BIOD00078,Novartis AG,http://www.novartis.com
BIOD00062,Valeant Ltd.,http://www.valeant.com
BIOD00022,Professional Co.,
BIOD00098,Genentech Inc.,http://www.gene.com
BIOD00014,Genentech Inc.,http://www.gene.com
BIOD00073,Novartis AG,http://www.novartis.com
BIOD00005,Centocor Ortho Biotech Inc.,http://www.centocororthobiotech.com
BIOD00027,Savage Labs,http://www.savagelabs.com
BIOD00069,Spectrum Pharmaceuticals,http://www.spectrumpharm.com
BIOD00111,Sepracor Pharmaceuticals Inc.,http://www.sepracor.com
DB09557,MDS Nordion,http://www.mds.nordion.com
BIOD00044,Pharmacia Inc.,http://www.pharmaciaupjohn.com
BIOD00092,Tercica Inc.,http://www.tercica.com
DB05356,Yung Shin Pharmaceutical Industry Ltd.,http://www.ysp.com.cn
BIOD00028,Pfizer Inc.,http://www.pfizer.com
BIOD00109,ILEX Pharmaceuticals LP,
BIOD00037,Oso Biopharmaceuticals Manufacturing LLC,
BIOD00080,EUSA Pharma Inc.,http://www.eusapharma.com
BIOD00008,Hollister-Stier Laboratories LLC,http://www.hollisterstier.com
BIOD00003,Wockhardt Ltd.,http://www.wockhardtin.com
BIOD00055,Pierre Fabre,http://www.pierre-fabre.com
BIOD00104,Vetter Pharma Fertigung GmbH and Co. KG,http://www.vetter-pharma.com
BIOD00074,Genentech Inc.,http://www.gene.com
BIOD00034,Organon Pharmaceuticals,http://www.organonshop.com
BIOD00040,Genzyme Inc.,http://www.genzyme.ca
DB09560,Physicians Total Care Inc.,http://www.physicianstotalcare.com
BIOD00038,Wyeth Pharmaceuticals,http://www.wyeth.com
BIOD00053,Ortho-McNeil-Janssen Pharmaceuticals Inc.,http://www.ortho-mcneil.com
BIOD00075,Shire Inc.,http://www.shire.com
BIOD00088,Teva Pharmaceutical Industries Ltd.,http://www.tevapharm.com
DB05600,Schering-Plough Inc.,http://www.schering-plough.ca
BIOD00051,Fisher Clinical Services Inc.,http://www.fisherclinicalservices.com
BIOD00016,Watson Pharmaceuticals,http://www.watson.com
BIOD00083,Hospira Inc.,http://www.hospira.com
BIOD00106,Pharmacia Inc.,http://www.pharmaciaupjohn.com
BIOD00097,Medimmune Inc.,http://www.medimmune.com
BIOD00007,F Hoffmann-La Roche Ltd.,http://www.roche.com
BIOD00087,Genentech Inc.,http://www.gene.com
BIOD00107,Immunomedics Inc.,http://www.immunomedics.com
NUTR00045,Red River Pharma Manufacturing,
EXPT00965,Walgreen Co.,http://www.walgreens.com
NUTR00030,Novo Nordisk Inc.,http://www.novonordisk.com
NUTR00052,Pharmavite,http://www.pharmavite.com
NUTR00044,Magno-Humphries Laboratories,http://www.magno-humphries.com
NUTR00019,Nutrition 21 Inc.,http://www.nutrition21.com
NUTR00020,United Research Laboratories Inc.,http://www.urlpharma.com
DB11101,Walgreen Co.,http://www.walgreens.com
NUTR00014,Professional Co.,
DB11317,Walgreen Co.,http://www.walgreens.com
EXPT01823,Spectrum Pharmaceuticals,http://www.spectrumpharm.com
NUTR00026,Spectrum Pharmaceuticals,http://www.spectrumpharm.com
EXPT00512,Spectrum Pharmaceuticals,http://www.spectrumpharm.com
NUTR00034,Sundown Inc.,http://www.sundownnaturals.com
DB03375,Spectrum Pharmaceuticals,http://www.spectrumpharm.com
NUTR00038,Spectrum Pharmaceuticals,http://www.spectrumpharm.com
NUTR00059,Spectrum Pharmaceuticals,http://www.spectrumpharm.com
DB05314,Validus Pharmaceuticals,http://www.validuspharma.com
NUTR00023,Tyson & Associates Inc.,
NUTR00054,Ther-Rx Corp.,http://www.ther-rx.com
DB09358,Sciele Pharma Inc.,
NUTR00040,Gallipot,http://www.gallipot.com
NUTR00027,Amend,
EXPT01650,Spectrum Pharmaceuticals,http://www.spectrumpharm.com
NUTR00048,Professional Co.,
NUTR00028,Yuki Gosei Kogyo,http://www.yuki-gosei.co.jp
APRD00428,Organon Pharmaceuticals,http://www.organonshop.com
NUTR00049,Medisca Inc.,http://www.medisca.com
NUTR00022,Solace Nutrition,http://www.solacenutrition.com
NUTR00033,Vitaflo,http://www.vitafloweb.com
EXPT02064,V Sab Medical Labs Inc.,
DB09485,Spectrum Pharmaceuticals,http://www.spectrumpharm.com
EXPT03222,Walgreen Co.,http://www.walgreens.com
APRD00426,Winthrop Us,http://www.winthropus.com
NUTR00021,Medisca Inc.,http://www.medisca.com
NUTR00057,V Sab Medical Labs Inc.,
DB03527,Spectrum Pharmaceuticals,http://www.spectrumpharm.com
NUTR00025,West-Ward Pharmaceuticals,http://www.west-ward.com
NUTR00024,V Sab Medical Labs Inc.,
NUTR00013,Spectrum Pharmaceuticals,http://www.spectrumpharm.com
NUTR00060,V Sab Medical Labs Inc.,
APRD00486,Vintage Pharmaceuticals Inc.,
EXPT03227,Wockhardt Ltd.,http://www.wockhardtin.com
APRD00204,Zylera Pharmaceuticals LLC,http://www.zylera.com
NUTR00035,Tyler Encapsulations,
NUTR00031,Spectrum Pharmaceuticals,http://www.spectrumpharm.com
NUTR00046,Medisca Inc.,http://www.medisca.com
APRD00506,Spectrum Pharmaceuticals,http://www.spectrumpharm.com
NUTR00062,Spectrum Pharmaceuticals,http://www.spectrumpharm.com
NUTR00047,Professional Co.,
APRD00328,Zydus Pharmaceuticals,http://www.zydususa.com
APRD00425,Vangard Labs Inc.,
APRD00133,Vangard Labs Inc.,
APRD00009,Vangard Labs Inc.,
APRD00976,Teva Pharmaceutical Industries Ltd.,http://www.tevapharm.com
APRD00551,Watson Pharmaceuticals,http://www.watson.com
APRD00480,Shire Inc.,http://www.shire.com
DB11303,Physicians Total Care Inc.,http://www.physicianstotalcare.com
APRD00224,Daiichi Sankyo,http://www.daiichisankyo.com
APRD00116,Watson Pharmaceuticals,http://www.watson.com
APRD00954,Paddock Labs,http://www.paddocklabs.com
DB07475,Millennium Pharmaceuticals,http://www.mlnm.com
APRD00160,Merck & Co.,http://www.merck.com
APRD00093,Vintage Pharmaceuticals Inc.,
APRD00028,Watson Pharmaceuticals,http://www.watson.com
EXPT02753,Professional Co.,
APRD00245,Sanofi-Aventis Inc.,http://www.sanofi-aventis.com
APRD00327,West-Ward Pharmaceuticals,http://www.west-ward.com
APRD00488,Murfreesboro Pharmaceutical Nursing Supply,http://www.unitdosesupply.com
APRD01148,Redpharm Drug,
APRD00953,X-Gen Pharmaceuticals,http://www.x-gen.us
APRD01022,Watson Pharmaceuticals,http://www.watson.com
APRD00673,Xanodyne Pharmaceuticals Inc.,http://www.xanodyne.com
APRD00159,Strides Arcolab Limited,http://www.stridesarco.com
APRD00556,US Pharmaceutical Group,
APRD00367,Pfizer Inc.,http://www.pfizer.com
APRD00599,Physicians Total Care Inc.,http://www.physicianstotalcare.com
APRD00472,United Research Laboratories Inc.,http://www.urlpharma.com
APRD00397,Wockhardt Ltd.,http://www.wockhardtin.com
APRD01257,Torpharm Inc.,
APRD00393,Redpharm Drug,
APRD00780,Teva Pharmaceutical Industries Ltd.,http://www.tevapharm.com
APRD01116,Vangard Labs Inc.,
APRD00073,Wyeth Pharmaceuticals,http://www.wyeth.com
APRD00217,Vangard Labs Inc.,
APRD00147,W and D Distributing Co.,
APRD00945,US Pharmaceutical Group,
APRD00281,Stat Rx Usa,http://statrxusa.exporterus.com
APRD00003,Watson Pharmaceuticals,http://www.watson.com
APRD00750,Nephron Pharmaceuticals Corp.,http://www.nephronpharm.com
APRD00381,Vangard Labs Inc.,
APRD00921,Taro Pharmaceuticals USA,http://www.tarousa.com
APRD00069,Stat Rx Usa,http://statrxusa.exporterus.com
APRD00990,GE Healthcare Inc.,http://www.gehealthcare.com
APRD01006,Pharmaceutical Utilization Management Program VA Inc.,
APRD00370,Yung Shin Pharmaceutical Industry Ltd.,http://www.ysp.com.cn
APRD00234,Rx Elite,http://www.rxelite.com
APRD01198,US Pharmaceutical Group,
APRD00676,Va Cmop Dallas,
APRD01104,Sandhills Packaging Inc.,http://www.sandhillspackaging.com
DB09367,Spectrum Pharmaceuticals,http://www.spectrumpharm.com
APRD00010,Teva Pharmaceutical Industries Ltd.,http://www.tevapharm.com
APRD00752,Meda AB,http://www.meda.se
DB08311,Roxane Labs,http://www.roxane.com
APRD01154,Rebel Distributors Corp.,http://www.rebelrx.com
APRD00783,Taro Pharmaceuticals USA,http://www.tarousa.com
APRD00266,West-Ward Pharmaceuticals,http://www.west-ward.com
APRD00260,Centocor Ortho Biotech Inc.,http://www.centocororthobiotech.com
APRD01300,Gilead Sciences Inc.,http://www.gilead.com
DB06396,Wellspring Pharmaceutical,http://www.wellspringpharm.com
APRD00748,West-Ward Pharmaceuticals,http://www.west-ward.com
APRD00540,US Pharmaceutical Group,
APRD00463,Professional Co.,
APRD00836,Teva Pharmaceutical Industries Ltd.,http://www.tevapharm.com
DB03778,Medisca Inc.,http://www.medisca.com
APRD00345,Tolmar Inc.,http://www.tolmar.com
APRD00659,Watson Pharmaceuticals,http://www.watson.com
APRD00241,Xactdose Inc.,
APRD00597,West-Ward Pharmaceuticals,http://www.west-ward.com
EXPT01164,Medisca Inc.,http://www.medisca.com
EXPT01049,Proter SPA,
APRD00244,Warrick Pharmaceuticals Corp.,
APRD00839,Vangard Labs Inc.,
APRD00438,Sanofi-Aventis Inc.,http://www.sanofi-aventis.com
DB03123,The Chao Center,http://www.thechaocenter.com
APRD00798,Shire Inc.,http://www.shire.com
APRD00006,MGI Pharma,
APRD00595,United Research Laboratories Inc.,http://www.urlpharma.com
APRD00208,Wockhardt Ltd.,http://www.wockhardtin.com
APRD00211,Ranbaxy Laboratories,http://www.ranbaxy.com
APRD00302,Zydus Pharmaceuticals,http://www.zydususa.com
APRD00298,Watson Pharmaceuticals,http://www.watson.com
APRD00913,Patheon Inc.,http://www.patheon.com
APRD00237,Zydus Pharmaceuticals,http://www.zydususa.com
APRD00223,Southwood Pharmaceuticals,http://www.southwoodhealthcare.com
DB09359,Wockhardt Ltd.,http://www.wockhardtin.com
APRD00105,GlaxoSmithKline Inc.,http://www.gsk.com
APRD01074,X-Gen Pharmaceuticals,http://www.x-gen.us
APRD00507,Watson Pharmaceuticals,http://www.watson.com
DB05291,Wockhardt Ltd.,http://www.wockhardtin.com
APRD01161,Teva Pharmaceutical Industries Ltd.,http://www.tevapharm.com
APRD00875,Wockhardt Ltd.,http://www.wockhardtin.com
APRD00656,Roxane Labs,http://www.roxane.com
APRD00125,Zydus Pharmaceuticals,http://www.zydususa.com
APRD00396,Wyeth Pharmaceuticals,http://www.wyeth.com
APRD01271,Physicians Total Care Inc.,http://www.physicianstotalcare.com
APRD00788,Taro Pharmaceuticals USA,http://www.tarousa.com
APRD00614,Remedy Repack,http://www.remedyrepack.com
EXPT00718,Teva Pharmaceutical Industries Ltd.,http://www.tevapharm.com
APRD00115,Physicians Total Care Inc.,http://www.physicianstotalcare.com
APRD00965,Hospira Inc.,http://www.hospira.com
APRD00766,Organon Pharmaceuticals,http://www.organonshop.com
DB05354,Xanodyne Pharmaceuticals Inc.,http://www.xanodyne.com
APRD00492,Pharmedium,http://www.pharmedium.com
APRD00247,Prescript Pharmaceuticals,http://www.prescript.net
APRD00902,American Cyanamid Co.,
DB01730,Novartis AG,http://www.novartis.com
DB13426,Remedy Repack,http://www.remedyrepack.com
EXPT00508,Xanodyne Pharmaceuticals Inc.,http://www.xanodyne.com
APRD00952,Merck & Co.,http://www.merck.com
APRD00762,Organon Pharmaceuticals,http://www.organonshop.com
APRD00284,Santec Chemicals Corp.,http://www.santecchemcorp.com
APRD00114,Eisai Inc.,http://www.eisai.com
APRD01025,Pharmacia Inc.,http://www.pharmaciaupjohn.com
APRD00127,Watson Pharmaceuticals,http://www.watson.com
APRD01174,RA Pharmaceuticals,
APRD00066,Xactdose Inc.,
APRD00844,Eli Lilly & Co.,http://www.lilly.com
APRD00376,Stat Rx Usa,http://statrxusa.exporterus.com
APRD00252,Xanodyne Pharmaceuticals Inc.,http://www.xanodyne.com
DB07998,Genentech Inc.,http://www.gene.com
DB09471,Wockhardt Ltd.,http://www.wockhardtin.com
APRD00325,Ibi Istituto Biochimico Italiano Giovanni Lorenzini SPA,http://www.ibi-lorenzini.com
DB05743,Valeant Ltd.,http://www.valeant.com
APRD00227,Vintage Pharmaceuticals Inc.,
APRD00692,Hospira Inc.,http://www.hospira.com
APRD00445,Valeant Ltd.,http://www.valeant.com
APRD00980,Physicians Total Care Inc.,http://www.physicianstotalcare.com
APRD01143,Teva Pharmaceutical Industries Ltd.,http://www.tevapharm.com
APRD00841,Spectrum Pharmaceuticals,http://www.spectrumpharm.com
APRD01021,Stat Rx Usa,http://statrxusa.exporterus.com
APRD00109,Veratex Corp.,
APRD00957,West-Ward Pharmaceuticals,http://www.west-ward.com
APRD01099,Zydus Pharmaceuticals,http://www.zydususa.com
APRD00537,Watson Pharmaceuticals,http://www.watson.com
APRD00485,Xanodyne Pharmaceuticals Inc.,http://www.xanodyne.com
APRD00138,Stat Rx Usa,http://statrxusa.exporterus.com
APRD00172,Zydus Pharmaceuticals,http://www.zydususa.com
APRD00050,Taro Pharmaceuticals USA,http://www.tarousa.com
APRD01182,Physicians Total Care Inc.,http://www.physicianstotalcare.com
APRD00446,Watson Pharmaceuticals,http://www.watson.com
APRD01206,West-Ward Pharmaceuticals,http://www.west-ward.com
APRD00630,Wockhardt Ltd.,http://www.wockhardtin.com
APRD00606,Veratex Corp.,
APRD00473,Watson Pharmaceuticals,http://www.watson.com
APRD00441,Sanofi-Aventis Inc.,http://www.sanofi-aventis.com
APRD00792,Merck & Co.,http://www.merck.com
APRD00490,Stat Rx Usa,http://statrxusa.exporterus.com
APRD00315,Abbott Laboratories Ltd.,http://www.abbott.com
APRD01141,Swedish Orphan International Ab,http://www.swedishorphan.com
DB08225,Watson Pharmaceuticals,http://www.watson.com
APRD01092,Wockhardt Ltd.,http://www.wockhardtin.com
APRD00290,GlaxoSmithKline Inc.,http://www.gsk.com
APRD00739,Resource Optimization and Innovation LLC,
EXPT00605,Gilead Sciences Inc.,http://www.gilead.com
APRD00308,Watson Pharmaceuticals,http://www.watson.com
APRD00592,Patheon Inc.,http://www.patheon.com
APRD00300,West-Ward Pharmaceuticals,http://www.west-ward.com
APRD00190,Qualitest,http://www.worldoftest.com
DB02692,Lyne Laboratories Inc.,http://www.lyne.com
APRD00101,Wyeth Pharmaceuticals,http://www.wyeth.com
APRD01301,Pharmacia Inc.,http://www.pharmaciaupjohn.com
APRD00470,UDL Laboratories,http://www.udllabs.com
APRD01238,Xactdose Inc.,
APRD01003,GlaxoSmithKline Inc.,http://www.gsk.com
APRD00937,Perrigo Co.,http://www.perrigo.com
APRD00106,Wyeth Pharmaceuticals,http://www.wyeth.com
APRD01299,Teva Pharmaceutical Industries Ltd.,http://www.tevapharm.com
APRD00148,Physicians Total Care Inc.,http://www.physicianstotalcare.com
APRD00685,Watson Pharmaceuticals,http://www.watson.com
APRD01095,Watson Pharmaceuticals,http://www.watson.com
APRD00323,Novartis AG,http://www.novartis.com
DB08625,Vistakon Pharmaceuticals LLC,http://vistakonpharmaceutical.com
APRD01272,United Therapeutics Corp.,http://www.unither.com
APRD00884,Southwood Pharmaceuticals,http://www.southwoodhealthcare.com
APRD00070,West-Ward Pharmaceuticals,http://www.west-ward.com
APRD00351,Sicor Pharmaceuticals,
APRD00242,Warrick Pharmaceuticals Corp.,
DB02444,Pharmacia Inc.,http://www.pharmaciaupjohn.com
APRD00520,Zydus Pharmaceuticals,http://www.zydususa.com
APRD00690,West-Ward Pharmaceuticals,http://www.west-ward.com
APRD00399,Professional Co.,
APRD00079,Wellspring Pharmaceutical,http://www.wellspringpharm.com
APRD00662,Primapharm Inc.,http://www.primapharm.net
APRD00365,Zyber Pharmaceuticals,
APRD00098,West-Ward Pharmaceuticals,http://www.west-ward.com
APRD00612,Sandhills Packaging Inc.,http://www.sandhillspackaging.com
DB11897,Teva Pharmaceutical Industries Ltd.,http://www.tevapharm.com
APRD00417,West-Ward Pharmaceuticals,http://www.west-ward.com
APRD00700,Watson Pharmaceuticals,http://www.watson.com
DB09441,Vista Pharmaceuticals Inc.,http://vistapharmaceuticals.com
DB07438,Bayer Healthcare,http://www.bayerhealthcare.com
DB06286,Novartis AG,http://www.novartis.com
APRD01004,Teva Pharmaceutical Industries Ltd.,http://www.tevapharm.com
APRD00635,United Research Laboratories Inc.,http://www.urlpharma.com
APRD00431,Stat Rx Usa,http://statrxusa.exporterus.com
DB05925,Zydus Pharmaceuticals,http://www.zydususa.com
APRD00770,Poly Pharmaceuticals Inc.,http://www.polypharmaceuticals.net
APRD00998,Humco,http://www.humco.com
APRD00574,Watson Pharmaceuticals,http://www.watson.com
APRD00162,Teva Pharmaceutical Industries Ltd.,http://www.tevapharm.com
DB02487,Professional Co.,
APRD00403,West-Ward Pharmaceuticals,http://www.west-ward.com
APRD00156,Zydus Pharmaceuticals,http://www.zydususa.com
APRD00773,Murfreesboro Pharmaceutical Nursing Supply,http://www.unitdosesupply.com
APRD00320,WG Critical Care LLC,
DB08415,Veratex Corp.,
APRD00497,Ranbaxy Laboratories,http://www.ranbaxy.com
APRD01118,Pharmaceutical Development and Manufacturing Services Ltd.,http://www.pdms-almac.com
APRD00358,Sandoz,http://www.sandoz.ca
APRD01234,Vintage Pharmaceuticals Inc.,
APRD00657,Watson Pharmaceuticals,http://www.watson.com
APRD01102,West-Ward Pharmaceuticals,http://www.west-ward.com
APRD00607,Vision Pharma LLC,http://www.visionpharma.com
APRD00095,Yung Shin Pharmaceutical Industry Ltd.,http://www.ysp.com.cn
APRD00600,Teva Pharmaceutical Industries Ltd.,http://www.tevapharm.com
APRD00306,Wockhardt Ltd.,http://www.wockhardtin.com
APRD00209,Teva Pharmaceutical Industries Ltd.,http://www.tevapharm.com
APRD00847,Pharmacia Inc.,http://www.pharmaciaupjohn.com
APRD01072,Wockhardt Ltd.,http://www.wockhardtin.com
APRD01275,Watson Pharmaceuticals,http://www.watson.com
APRD00624,Vangard Labs Inc.,
APRD00033,Vangard Labs Inc.,
APRD01142,Pulmonox Gas Corporation,http://www.pulmonox.com
APRD00666,Professional Co.,
DB03027,Watson Pharmaceuticals,http://www.watson.com
APRD00857,Wockhardt Ltd.,http://www.wockhardtin.com
APRD00102,Bayer Healthcare,http://www.bayerhealthcare.com
APRD00103,Xactdose Inc.,
APRD00201,Eli Lilly & Co.,http://www.lilly.com
APRD00948,E.R. Squibb and Sons LLC,
APRD00513,Warrick Pharmaceuticals Corp.,
APRD00649,Mead Johnson and Co.,http://www.meadjohnson.com
APRD00361,Teva Pharmaceutical Industries Ltd.,http://www.tevapharm.com
EXPT00942,Spectrum Pharmaceuticals,http://www.spectrumpharm.com
APRD01077,Physicians Total Care Inc.,http://www.physicianstotalcare.com
APRD00077,Vangard Labs Inc.,
APRD00930,Taylor Pharmaceuticals,
APRD00939,Taylor Pharmaceuticals,
EXPT02993,Watson Pharmaceuticals,http://www.watson.com
APRD00618,Teva Pharmaceutical Industries Ltd.,http://www.tevapharm.com
APRD00074,Vintage Pharmaceuticals Inc.,
APRD00384,Wyeth Pharmaceuticals,http://www.wyeth.com
APRD00020,UDL Laboratories,http://www.udllabs.com
DB08002,United Research Laboratories Inc.,http://www.urlpharma.com
APRD00778,Stiefel Labs,http://www.stiefel.com
APRD01290,QLT Inc.,http://www.qltinc.com
APRD01128,Vangard Labs Inc.,
APRD00314,Novartis AG,http://www.novartis.com
APRD00575,Bioniche Pharma,http://www.bionichepharmausa.com
APRD01060,Wockhardt Ltd.,http://www.wockhardtin.com
APRD00563,Watson Pharmaceuticals,http://www.watson.com
APRD00571,Watson Pharmaceuticals,http://www.watson.com
APRD00434,Vangard Labs Inc.,
APRD00530,Xactdose Inc.,
APRD00058,Physicians Total Care Inc.,http://www.physicianstotalcare.com
APRD00682,Valeant Ltd.,http://www.valeant.com
APRD00060,Vangard Labs Inc.,
APRD00482,Vangard Labs Inc.,
APRD01219,Vistakon Pharmaceuticals LLC,http://vistakonpharmaceutical.com
APRD00550,Teva Pharmaceutical Industries Ltd.,http://www.tevapharm.com
APRD01303,Penn Pharmaceutical Services Ltd.,http://www.pennpharm.com
APRD00400,Resource Optimization and Innovation LLC,
APRD00373,Vangard Labs Inc.,
APRD00034,Stat Rx Usa,http://statrxusa.exporterus.com
APRD00916,Teva Pharmaceutical Industries Ltd.,http://www.tevapharm.com
APRD01127,Valeant Ltd.,http://www.valeant.com
APRD00652,MGI Pharma,
APRD01230,Vangard Labs Inc.,
APRD00222,Watson Pharmaceuticals,http://www.watson.com
APRD01117,Physicians Total Care Inc.,http://www.physicianstotalcare.com
APRD00526,Watson Pharmaceuticals,http://www.watson.com
APRD00854,Wockhardt Ltd.,http://www.wockhardtin.com
APRD00416,Vangard Labs Inc.,
APRD00449,ViiV Healthcare ULC,
APRD00903,Redpharm Drug,
APRD00387,Xanodyne Pharmaceuticals Inc.,http://www.xanodyne.com
APRD00984,Watson Pharmaceuticals,http://www.watson.com
APRD01268,United Research Laboratories Inc.,http://www.urlpharma.com
APRD00568,Wockhardt Ltd.,http://www.wockhardtin.com
APRD00538,Zydus Pharmaceuticals,http://www.zydususa.com
APRD00312,Southwood Pharmaceuticals,http://www.southwoodhealthcare.com
APRD00558,Romark Pharmaceuticals,http://www.romark.com
EXPT03217,Viropharma Inc.,http://www.viropharma.com
DB04134,Xanodyne Pharmaceuticals Inc.,http://www.xanodyne.com
APRD00655,Wyeth Pharmaceuticals,http://www.wyeth.com
APRD00359,Teva Pharmaceutical Industries Ltd.,http://www.tevapharm.com
APRD00782,Southwood Pharmaceuticals,http://www.southwoodhealthcare.com
APRD01269,West-Ward Pharmaceuticals,http://www.west-ward.com
APRD00199,Oso Biopharmaceuticals Manufacturing LLC,
APRD00195,Pharmaceutical Utilization Management Program VA Inc.,
APRD00017,Ortho-McNeil-Janssen Pharmaceuticals Inc.,http://www.ortho-mcneil.com
APRD01109,Vangard Labs Inc.,
APRD01607,Stiefel Labs,http://www.stiefel.com
APRD00186,Teva Pharmaceutical Industries Ltd.,http://www.tevapharm.com
APRD00915,Perrigo Co.,http://www.perrigo.com
APRD00669,Spectrum Pharmaceuticals,http://www.spectrumpharm.com
APRD00951,Schwarz Pharma Inc.,
APRD00408,Roxane Labs,http://www.roxane.com
APRD00512,Physicians Total Care Inc.,http://www.physicianstotalcare.com
APRD00151,Va Cmop Dallas,
APRD00644,Teva Pharmaceutical Industries Ltd.,http://www.tevapharm.com
EXPT01546,Schering Corp.,http://www.schering.de
EXPT00999,Yung Shin Pharmaceutical Industry Ltd.,http://www.ysp.com.cn
APRD00993,Mallinckrodt Inc.,http://www.mallinckrodt.com
APRD00391,GTx Inc.,http://www.gtxinc.com
APRD00602,Watson Pharmaceuticals,http://www.watson.com
APRD00495,Teva Pharmaceutical Industries Ltd.,http://www.tevapharm.com
APRD00063,UDL Laboratories,http://www.udllabs.com
APRD00142,Watson Pharmaceuticals,http://www.watson.com
EXPT03204,Valeant Ltd.,http://www.valeant.com
APRD00380,Valeant Ltd.,http://www.valeant.com
APRD00910,United Research Laboratories Inc.,http://www.urlpharma.com
EXPT00598,Professional Co.,
APRD00377,Zeneca Pharma Inc.,
APRD00297,West-Ward Pharmaceuticals,http://www.west-ward.com
EXPT01688,Mission Pharmacal,http://www.missionpharmacal.com
APRD00202,SuperGen Inc.,http://www.supergen.com
APRD00157,Valeant Ltd.,http://www.valeant.com
APRD01187,Va Cmop Dallas,
APRD00570,Zydus Pharmaceuticals,http://www.zydususa.com
APRD01177,Lantheus Medical Imaging Inc.,http://www.radiopharm.com
APRD00688,Wockhardt Ltd.,http://www.wockhardtin.com
APRD00378,Physicians Total Care Inc.,http://www.physicianstotalcare.com
APRD00829,Patheon Inc.,http://www.patheon.com
APRD01307,Wyeth Pharmaceuticals,http://www.wyeth.com
APRD00935,Modern Veterinary Therapeutics LLC,http://www.modernveterinarytherapeutics.com
APRD00353,Wyeth Pharmaceuticals,http://www.wyeth.com
APRD00337,Xactdose Inc.,
APRD00874,Teva Pharmaceutical Industries Ltd.,http://www.tevapharm.com
APRD01236,Schwarz Pharma Inc.,
APRD00250,Yung Shin Pharmaceutical Industry Ltd.,http://www.ysp.com.cn
DB11728,Physicians Total Care Inc.,http://www.physicianstotalcare.com
APRD00708,Hospira Inc.,http://www.hospira.com
APRD00194,Wyeth Pharmaceuticals,http://www.wyeth.com
EXPT02427,Wa Butler Co.,
APRD00970,St Mary's Medical Park Pharmacy,
DB07566,Xanodyne Pharmaceuticals Inc.,http://www.xanodyne.com
APRD00684,Teva Pharmaceutical Industries Ltd.,http://www.tevapharm.com
APRD00697,Wockhardt Ltd.,http://www.wockhardtin.com
APRD00846,Pharmaceutical Utilization Management Program VA Inc.,
DB07576,Physicians Total Care Inc.,http://www.physicianstotalcare.com
APRD01063,Xactdose Inc.,
APRD00543,Pfizer Inc.,http://www.pfizer.com
APRD01070,Vitaline Corp.,
APRD00510,Wockhardt Ltd.,http://www.wockhardtin.com
APRD00706,Wyeth Pharmaceuticals,http://www.wyeth.com
APRD00527,Yung Shin Pharmaceutical Industry Ltd.,http://www.ysp.com.cn
APRD00065,Tolmar Inc.,http://www.tolmar.com
APRD00474,Vangard Labs Inc.,
APRD00977,Taro Pharmaceuticals USA,http://www.tarousa.com
DB11514,Amend,
APRD00318,Versapharm Inc.,http://www.versapharm.com
EXPT00514,Spectrum Pharmaceuticals,http://www.spectrumpharm.com
APRD00019,West-Ward Pharmaceuticals,http://www.west-ward.com
APRD01010,Taro Pharmaceuticals USA,http://www.tarousa.com
APRD00992,Nycomed Inc.,http://www.nycomed.com
APRD01062,Wellspring Pharmaceutical,http://www.wellspringpharm.com
APRD00660,Teva Pharmaceutical Industries Ltd.,http://www.tevapharm.com
APRD01121,Valeant Ltd.,http://www.valeant.com
DB08769,Pharmacia Inc.,http://www.pharmaciaupjohn.com
APRD01058,Merck & Co.,http://www.merck.com
APRD00627,Wyeth Pharmaceuticals,http://www.wyeth.com
APRD00454,Sandhills Packaging Inc.,http://www.sandhillspackaging.com
APRD01243,Watson Pharmaceuticals,http://www.watson.com
DB08269,Sandoz,http://www.sandoz.ca
APRD00468,West-Ward Pharmaceuticals,http://www.west-ward.com
APRD00961,Wyeth Pharmaceuticals,http://www.wyeth.com
APRD00555,Physicians Total Care Inc.,http://www.physicianstotalcare.com
APRD00835,West-Ward Pharmaceuticals,http://www.west-ward.com
APRD00257,Wyeth Pharmaceuticals,http://www.wyeth.com
APRD00988,Professional Co.,
APRD00094,Physicians Total Care Inc.,http://www.physicianstotalcare.com
APRD00272,Versapharm Inc.,http://www.versapharm.com
DB03261,Physicians Total Care Inc.,http://www.physicianstotalcare.com
APRD00422,X-Gen Pharmaceuticals,http://www.x-gen.us
APRD01151,Watson Pharmaceuticals,http://www.watson.com
APRD00088,Wockhardt Ltd.,http://www.wockhardtin.com
APRD00633,Vangard Labs Inc.,
DB05275,Watson Pharmaceuticals,http://www.watson.com
DB07709,Remedy Repack,http://www.remedyrepack.com
APRD00816,X-Gen Pharmaceuticals,http://www.x-gen.us
APRD00536,Wockhardt Ltd.,http://www.wockhardtin.com
APRD00881,Watson Pharmaceuticals,http://www.watson.com
APRD00487,Pharmaceutical Utilization Management Program VA Inc.,
APRD00561,Watson Pharmaceuticals,http://www.watson.com
DB06189,Genzyme Inc.,http://www.genzyme.ca
APRD00933,GlaxoSmithKline Inc.,http://www.gsk.com
APRD00578,Orion Corporation,http://www.orionpharma.com
APRD00452,United Research Laboratories Inc.,http://www.urlpharma.com
APRD00340,West-Ward Pharmaceuticals,http://www.west-ward.com
APRD00879,Novopharm Ltd.,
APRD01034,Iso Tex Diagnostics Inc.,http://www.isotexdiagnostics.com
APRD00834,Ther-Rx Corp.,http://www.ther-rx.com
DB06639,Wockhardt Ltd.,http://www.wockhardtin.com
APRD00104,Zydus Pharmaceuticals,http://www.zydususa.com
EXPT02075,Eli Lilly & Co.,http://www.lilly.com
APRD01086,USAN,
APRD01001,Intervet International,http://www.intervet.ca
APRD00940,Long Wing International Inc.,http://www.longwing.net
APRD01146,X-Gen Pharmaceuticals,http://www.x-gen.us
APRD00548,Xanodyne Pharmaceuticals Inc.,http://www.xanodyne.com
APRD00494,Mead Johnson and Co.,http://www.meadjohnson.com
APRD00440,Tya Pharmaceuticals,
APRD00698,UDL Laboratories,http://www.udllabs.com
APRD00769,Savage Labs,http://www.savagelabs.com
APRD01173,Watson Pharmaceuticals,http://www.watson.com
APRD01080,Walgreen Co.,http://www.walgreens.com
APRD01065,Pharmacia Inc.,http://www.pharmaciaupjohn.com
APRD00588,Primedics Laboratories,
APRD00533,Vangard Labs Inc.,
APRD00458,Siegfried Ltd.,http://www.siegfried.ch
APRD01226,Watson Pharmaceuticals,http://www.watson.com
APRD00661,Physicians Total Care Inc.,http://www.physicianstotalcare.com
APRD00514,West-Ward Pharmaceuticals,http://www.west-ward.com
APRD00335,Watson Pharmaceuticals,http://www.watson.com
APRD01277,Veratex Corp.,
APRD00150,Sanofi-Aventis Inc.,http://www.sanofi-aventis.com
APRD01129,Pharmacia Inc.,http://www.pharmaciaupjohn.com
EXPT00496,Wyeth Pharmaceuticals,http://www.wyeth.com
APRD00379,Zogenix Inc.,http://www.zogenix.com
APRD00583,Remedy Repack,http://www.remedyrepack.com
APRD00029,Wyeth Pharmaceuticals,http://www.wyeth.com
APRD00100,Physicians Total Care Inc.,http://www.physicianstotalcare.com
EXPT01628,Watson Pharmaceuticals,http://www.watson.com
APRD00123,Watson Pharmaceuticals,http://www.watson.com
DB02775,J T Baker,http://www.jtbaker.com
APRD00052,Vangard Labs Inc.,
APRD00596,United Research Laboratories Inc.,http://www.urlpharma.com
APRD01124,Bristol-Myers Squibb Co.,http://www.bms.com
APRD00797,X-Gen Pharmaceuticals,http://www.x-gen.us
APRD00341,Zydus Pharmaceuticals,http://www.zydususa.com
APRD00680,Wockhardt Ltd.,http://www.wockhardtin.com
APRD00582,X-Gen Pharmaceuticals,http://www.x-gen.us
APRD01281,Pfizer Inc.,http://www.pfizer.com
APRD01175,Physicians Total Care Inc.,http://www.physicianstotalcare.com
DB02478,Vangard Labs Inc.,
APRD01602,Zydus Pharmaceuticals,http://www.zydususa.com
APRD00983,West-Ward Pharmaceuticals,http://www.west-ward.com
APRD01120,Teva Pharmaceutical Industries Ltd.,http://www.tevapharm.com
APRD00615,Novocol Pharmaceutical Canada,http://www.novocol.com
DB07777,Wilson Ophthalmic Corp.,http://www.hilco.com
APRD00521,Teva Pharmaceutical Industries Ltd.,http://www.tevapharm.com
DB07799,Wockhardt Ltd.,http://www.wockhardtin.com
APRD00677,West-Ward Pharmaceuticals,http://www.west-ward.com
APRD00128,Vangard Labs Inc.,
APRD00191,WC Pharmaceuticals,
APRD00707,Sandoz,http://www.sandoz.ca
APRD00605,Catalent Pharma Solutions,http://www.catalent.com
APRD01026,Baxter International Inc.,http://www.baxter.com
APRD00740,Teva Pharmaceutical Industries Ltd.,http://www.tevapharm.com
DB05067,Stat Rx Usa,http://statrxusa.exporterus.com
DB08563,ViiV Healthcare ULC,
APRD00036,Zydus Pharmaceuticals,http://www.zydususa.com
APRD00078,Draxis Specialty Pharmaceuticals Inc.,http://www.draxispharma.com
DB05563,Taylor Pharmaceuticals,
APRD00681,ViiV Healthcare ULC,
DB04635,Vetter Pharma Fertigung GmbH and Co. KG,http://www.vetter-pharma.com
APRD00753,UDL Laboratories,http://www.udllabs.com
APRD01149,Teva Pharmaceutical Industries Ltd.,http://www.tevapharm.com
DB05816,Vetter Pharma Fertigung GmbH and Co. KG,http://www.vetter-pharma.com
DB00715,Zydus Pharmaceuticals,http://www.zydususa.com
APRD01137,Sanofi-Aventis Inc.,http://www.sanofi-aventis.com
APRD00679,WC Pharmaceuticals,
APRD00781,Patheon Inc.,http://www.patheon.com
DB05342,Torrance Co.,http://www.torranceco.com
APRD00560,Wockhardt Ltd.,http://www.wockhardtin.com
APRD01030,Graceway Pharmaceuticals,http://www.gracewaypharma.com
APRD01017,Physicians Total Care Inc.,http://www.physicianstotalcare.com
APRD00498,Professional Co.,
APRD00153,Vision Pharma LLC,http://www.visionpharma.com
APRD01221,Teva Pharmaceutical Industries Ltd.,http://www.tevapharm.com
DB08630,Mississippi State Dept Health,http://www.msdh.state.ms.us
APRD00593,Vangard Labs Inc.,
APRD00806,Baxter International Inc.,http://www.baxter.com
APRD01193,Meridian Medical Technologies Inc.,http://www.meridianmeds.com
APRD00187,Zydus Pharmaceuticals,http://www.zydususa.com
APRD01131,Physicians Total Care Inc.,http://www.physicianstotalcare.com
APRD00363,Stat Rx Usa,http://statrxusa.exporterus.com
APRD00354,Watson Pharmaceuticals,http://www.watson.com
EXPT02625,Physicians Total Care Inc.,http://www.physicianstotalcare.com
APRD00145,Southwood Pharmaceuticals,http://www.southwoodhealthcare.com
DB07886,Wyeth Pharmaceuticals,http://www.wyeth.com
EXPT02246,Organon Pharmaceuticals,http://www.organonshop.com
APRD00989,Patheon Inc.,http://www.patheon.com
APRD00265,Patheon Inc.,http://www.patheon.com
APRD00534,Watson Pharmaceuticals,http://www.watson.com
APRD00904,Watson Pharmaceuticals,http://www.watson.com
APRD00616,West-Ward Pharmaceuticals,http://www.west-ward.com
APRD00765,Zyber Pharmaceuticals,
APRD00067,Torpharm Inc.,
APRD00180,Tolmar Inc.,http://www.tolmar.com
APRD00043,Allergan Inc.,http://www.allergan.com
APRD00645,Physicians Total Care Inc.,http://www.physicianstotalcare.com
APRD00212,Rx Elite,http://www.rxelite.com
APRD00962,Lundbeck Inc.,http://www.lundbeckinc.com
APRD00362,Wockhardt Ltd.,http://www.wockhardtin.com
APRD00722,Spectrum Pharmaceuticals,http://www.spectrumpharm.com
APRD00518,Sanofi-Aventis Inc.,http://www.sanofi-aventis.com
APRD00444,Vangard Labs Inc.,
APRD00572,Watson Pharmaceuticals,http://www.watson.com
EXPT02153,Zeneca Pharma Inc.,
APRD01322,Wockhardt Ltd.,http://www.wockhardtin.com
APRD00579,Watson Pharmaceuticals,http://www.watson.com
APRD00002,Vangard Labs Inc.,
APRD00289,Tolmar Inc.,http://www.tolmar.com
APRD01112,Merck & Co.,http://www.merck.com
APRD00049,Wockhardt Ltd.,http://www.wockhardtin.com
APRD00310,Redpharm Drug,
APRD00785,Vivus,http://www.vivus.com
APRD00737,Veratex Corp.,
APRD01081,Taro Pharmaceuticals USA,http://www.tarousa.com
APRD00239,Wyeth Pharmaceuticals,http://www.wyeth.com
APRD01020,Shire Inc.,http://www.shire.com
APRD00304,Merck & Co.,http://www.merck.com
APRD01308,Vangard Labs Inc.,
APRD01133,Sanofi-Aventis Inc.,http://www.sanofi-aventis.com
APRD00099,Warner Lambert Company LLC,
APRD01190,X-Gen Pharmaceuticals,http://www.x-gen.us
APRD00177,Southwood Pharmaceuticals,http://www.southwoodhealthcare.com
APRD00311,WC Pharmaceuticals,
APRD00730,West-Ward Pharmaceuticals,http://www.west-ward.com
DB05347,Yung Shin Pharmaceutical Industry Ltd.,http://www.ysp.com.cn
DB08298,West-Ward Pharmaceuticals,http://www.west-ward.com
APRD00991,Bayer Healthcare,http://www.bayerhealthcare.com
APRD01178,Solvay Pharmaceuticals,http://global.abbottgrowth.com
APRD00689,Spectrum Pharmaceuticals,http://www.spectrumpharm.com
APRD01011,Norega Laboratories Inc.,
APRD00549,West-Ward Pharmaceuticals,http://www.west-ward.com
DB08518,Watson Pharmaceuticals,http://www.watson.com
APRD00420,Southwood Pharmaceuticals,http://www.southwoodhealthcare.com
APRD00170,Novartis AG,http://www.novartis.com
APRD00214,Wa Butler Co.,
APRD01246,Physicians Total Care Inc.,http://www.physicianstotalcare.com
APRD00969,Teva Pharmaceutical Industries Ltd.,http://www.tevapharm.com
APRD00726,Taylor Pharmaceuticals,
APRD00886,Paddock Labs,http://www.paddocklabs.com
APRD00113,West-Ward Pharmaceuticals,http://www.west-ward.com
APRD00121,Zoetica Pharmaceutical Corp.,
APRD00522,Wilson Ophthalmic Corp.,http://www.hilco.com
APRD01031,UDL Laboratories,http://www.udllabs.com
APRD00287,Wilson Ophthalmic Corp.,http://www.hilco.com
APRD00725,Physicians Total Care Inc.,http://www.physicianstotalcare.com
DB01693,Zydus Pharmaceuticals,http://www.zydususa.com
DB08343,Medisca Inc.,http://www.medisca.com
DB05564,Watson Pharmaceuticals,http://www.watson.com
APRD00529,Zydus Pharmaceuticals,http://www.zydususa.com
APRD01606,Nutricia,http://www.nutricia.com
APRD00210,Wockhardt Ltd.,http://www.wockhardtin.com
DB05893,Teva Pharmaceutical Industries Ltd.,http://www.tevapharm.com
EXPT00604,Zydus Pharmaceuticals,http://www.zydususa.com
APRD00071,United Therapeutics Corp.,http://www.unither.com
APRD00849,Vericore Ltd.,
APRD00767,Spectrum Pharmaceuticals,http://www.spectrumpharm.com
APRD00760,Watson Pharmaceuticals,http://www.watson.com
APRD01604,Walgreen Co.,http://www.walgreens.com
APRD01136,Alcon Laboratories,http://www.alcon.com
APRD00987,Zambon Ltd.,http://www.zambon-ch.ch
DB07699,Wyeth Pharmaceuticals,http://www.wyeth.com
DB08616,UDL Laboratories,http://www.udllabs.com
APRD00243,Yung Shin Pharmaceutical Industry Ltd.,http://www.ysp.com.cn
APRD00432,Danco Labs LLC,
APRD00832,Wockhardt Ltd.,http://www.wockhardtin.com
APRD00275,Vangard Labs Inc.,
APRD00877,Valeant Ltd.,http://www.valeant.com
APRD01267,Physicians Total Care Inc.,http://www.physicianstotalcare.com
APRD01023,Merck & Co.,http://www.merck.com
APRD00122,Teva Pharmaceutical Industries Ltd.,http://www.tevapharm.com
APRD01152,Stat Rx Usa,http://statrxusa.exporterus.com
APRD00039,Vangard Labs Inc.,
APRD01132,Quality Care,
APRD00278,R.P. Scherer GmbH and Co. KG,http://www.rpscherer.de
APRD00982,Watson Pharmaceuticals,http://www.watson.com
APRD00896,Mylan,http://www.mylan.com
APRD01067,Professional Co.,
APRD00047,Sanofi-Aventis Inc.,http://www.sanofi-aventis.com
APRD00429,Warrick Pharmaceuticals Corp.,
APRD00331,Teva Pharmaceutical Industries Ltd.,http://www.tevapharm.com
APRD00634,Zyber Pharmaceuticals,
APRD00557,University Of Iowa Pharmaceuticals,http://www.pharmacy.uiowa.edu/uip
APRD00764,Valeant Ltd.,http://www.valeant.com
DB05277,Dusa Pharmaceuticals,http://www.dusapharma.com
APRD00508,Wockhardt Ltd.,http://www.wockhardtin.com
APRD01171,Patheon Inc.,http://www.patheon.com
APRD00197,Wockhardt Ltd.,http://www.wockhardtin.com
DB06895,Teva Pharmaceutical Industries Ltd.,http://www.tevapharm.com
APRD00699,Va Cmop Dallas,
APRD00254,Xactdose Inc.,
EXPT01437,Watson Pharmaceuticals,http://www.watson.com
APRD00759,Tedor Pharma Inc.,http://www.tedor.com
APRD00541,Solvay Pharmaceuticals,http://global.abbottgrowth.com
APRD00629,Zydus Pharmaceuticals,http://www.zydususa.com
DB04507,Teva Pharmaceutical Industries Ltd.,http://www.tevapharm.com
APRD00589,West-Ward Pharmaceuticals,http://www.west-ward.com
APRD01302,Baxter International Inc.,http://www.baxter.com
APRD01078,Physicians Total Care Inc.,http://www.physicianstotalcare.com
APRD01005,Zyber Pharmaceuticals,
APRD00950,Solvay Pharmaceuticals,http://global.abbottgrowth.com
DB02439,Wyeth Pharmaceuticals,http://www.wyeth.com
APRD00545,Zila Therapeutics Inc.,http://www.zila.com
APRD00226,Synthetics China,http://www.synchina.com
APRD00721,West-Ward Pharmaceuticals,http://www.west-ward.com
APRD00523,Teva Pharmaceutical Industries Ltd.,http://www.tevapharm.com
APRD00880,Watson Pharmaceuticals,http://www.watson.com
APRD00455,West-Ward Pharmaceuticals,http://www.west-ward.com
DB02782,WC Pharmaceuticals,
APRD00394,Vistakon Pharmaceuticals LLC,http://vistakonpharmaceutical.com
APRD00294,Vangard Labs Inc.,
APRD00249,Merck & Co.,http://www.merck.com
APRD01002,Wockhardt Ltd.,http://www.wockhardtin.com
APRD00917,Spectrum Pharmaceuticals,http://www.spectrumpharm.com
APRD00491,Prime European Therapeuticals SPA,
APRD00817,Akorn Inc.,http://www.akorn.com
APRD01053,Watson Pharmaceuticals,http://www.watson.com
APRD00640,E.R. Squibb and Sons LLC,
APRD00822,Taylor Pharmaceuticals,
APRD01220,Alcon Laboratories,http://www.alcon.com
APRD00313,St Mary's Medical Park Pharmacy,
APRD00738,Weleda Inc.,http://www.weleda.com
APRD01216,Hospira Inc.,http://www.hospira.com
DB02392,Remedy Repack,http://www.remedyrepack.com
APRD00827,Pharmedix,http://www.pharmedixrx.com
APRD00251,Professional Co.,
APRD00481,Wockhardt Ltd.,http://www.wockhardtin.com
DB06863,Physicians Total Care Inc.,http://www.physicianstotalcare.com
APRD00344,Stat Rx Usa,http://statrxusa.exporterus.com
APRD00080,Roxane Labs,http://www.roxane.com
APRD00136,Watson Pharmaceuticals,http://www.watson.com
APRD00004,Wockhardt Ltd.,http://www.wockhardtin.com
APRD01165,Remedy Repack,http://www.remedyrepack.com
APRD01260,Presutti Laboratories Inc.,http://www.presuttilabs.com
APRD00439,Recipharm AB,http://www.recipharm.com
APRD00787,Wockhardt Ltd.,http://www.wockhardtin.com
APRD00631,West-Ward Pharmaceuticals,http://www.west-ward.com
APRD00927,Pharmacia Inc.,http://www.pharmaciaupjohn.com
APRD00169,Physicians Total Care Inc.,http://www.physicianstotalcare.com
APRD01232,Pharmacia Inc.,http://www.pharmaciaupjohn.com
APRD01061,Spectrum Pharmaceuticals,http://www.spectrumpharm.com
APRD00670,Teva Pharmaceutical Industries Ltd.,http://www.tevapharm.com
APRD00213,Watson Pharmaceuticals,http://www.watson.com
APRD00651,Wellspring Pharmaceutical,http://www.wellspringpharm.com
APRD00296,Zydus Pharmaceuticals,http://www.zydususa.com
APRD00809,Pharmion LLC,
DB05379,Southwood Pharmaceuticals,http://www.southwoodhealthcare.com
APRD00883,Southwood Pharmaceuticals,http://www.southwoodhealthcare.com
APRD01306,Catalent Pharma Solutions,http://www.catalent.com
APRD00610,Physicians Total Care Inc.,http://www.physicianstotalcare.com
APRD00747,Prescript Pharmaceuticals,http://www.prescript.net
APRD01158,Wyeth Pharmaceuticals,http://www.wyeth.com
DB01398,Valeant Ltd.,http://www.valeant.com
APRD00919,Watson Pharmaceuticals,http://www.watson.com
APRD00277,Rebel Distributors Corp.,http://www.rebelrx.com
APRD01090,Sandhills Packaging Inc.,http://www.sandhillspackaging.com
APRD00562,Physicians Total Care Inc.,http://www.physicianstotalcare.com
APRD00905,Dispensing Solutions,http://www.drxdispensing.com
EXPT00475,United Research Laboratories Inc.,http://www.urlpharma.com
APRD00654,Vetter Pharma Fertigung GmbH and Co. KG,http://www.vetter-pharma.com
APRD00505,Meda AB,http://www.meda.se
APRD00349,Vangard Labs Inc.,
EXPT01940,West-Ward Pharmaceuticals,http://www.west-ward.com
APRD00220,Teva Pharmaceutical Industries Ltd.,http://www.tevapharm.com
APRD00008,Scherer Drug Delivery Systems Ltd.,
DB09475,Zyber Pharmaceuticals,
APRD00569,Watson Pharmaceuticals,http://www.watson.com
APRD00466,Watson Pharmaceuticals,http://www.watson.com
APRD00342,Vintage Pharmaceuticals Inc.,
APRD00678,Sandhills Packaging Inc.,http://www.sandhillspackaging.com
APRD01094,Veratex Corp.,
APRD00411,West-Ward Pharmaceuticals,http://www.west-ward.com
APRD00831,ISTA Pharmaceuticals,http://www.istavision.com
APRD00012,Physicians Total Care Inc.,http://www.physicianstotalcare.com
APRD01247,Physicians Total Care Inc.,http://www.physicianstotalcare.com
APRD00324,Southwood Pharmaceuticals,http://www.southwoodhealthcare.com
APRD01106,Watson Pharmaceuticals,http://www.watson.com
APRD00580,Prometheus Laboratories Inc.,http://www.prometheuslabs.com
APRD00124,Merck & Co.,http://www.merck.com
APRD01323,Wockhardt Ltd.,http://www.wockhardtin.com
APRD00813,Wallace Pharmaceuticals Inc.,http://www.wallacepharma.net
APRD00619,Vangard Labs Inc.,
APRD01327,V Sab Medical Labs Inc.,
APRD00360,Zydus Pharmaceuticals,http://www.zydususa.com
APRD00483,Southwood Pharmaceuticals,http://www.southwoodhealthcare.com
APRD00691,Watson Pharmaceuticals,http://www.watson.com
APRD01076,Unimed Pharmaceuticals Inc.,
APRD00893,Rebel Distributors Corp.,http://www.rebelrx.com
APRD01213,Takeda Pharmaceutical Co. Ltd.,http://www.takeda.com
APRD00406,Taylor Pharmaceuticals,
APRD00140,Ranbaxy Laboratories,http://www.ranbaxy.com
APRD00641,Schering Corp.,http://www.schering.de
APRD00134,Spectrum Pharmaceuticals,http://www.spectrumpharm.com
APRD00924,Southwood Pharmaceuticals,http://www.southwoodhealthcare.com
DB06583,West-Ward Pharmaceuticals,http://www.west-ward.com
APRD00499,Teva Pharmaceutical Industries Ltd.,http://www.tevapharm.com
APRD00085,Physicians Total Care Inc.,http://www.physicianstotalcare.com
APRD00321,Watson Pharmaceuticals,http://www.watson.com
APRD00144,Physicians Total Care Inc.,http://www.physicianstotalcare.com
APRD00030,Teva Pharmaceutical Industries Ltd.,http://www.tevapharm.com
APRD01105,Penn Pharmaceutical Services Ltd.,http://www.pennpharm.com
APRD00811,Zydus Pharmaceuticals,http://www.zydususa.com
APRD00013,X-Gen Pharmaceuticals,http://www.x-gen.us
APRD00808,Prometheus Laboratories Inc.,http://www.prometheuslabs.com
APRD00015,West-Ward Pharmaceuticals,http://www.west-ward.com
DB05847,Teva Pharmaceutical Industries Ltd.,http://www.tevapharm.com
APRD00270,Warner Chilcott Co. Inc.,http://ir.wcrx.com
APRD00092,West-Ward Pharmaceuticals,http://www.west-ward.com
APRD00553,Watson Pharmaceuticals,http://www.watson.com
APRD00110,Purdue Pharma LP,http://www.purduepharma.com
APRD00336,Wockhardt Ltd.,http://www.wockhardtin.com
EXPT01540,Sirion Therapeutics,http://www.siriontherapeutics.com
APRD00023,United Research Laboratories Inc.,http://www.urlpharma.com
APRD01066,Physicians Total Care Inc.,http://www.physicianstotalcare.com
APRD01262,Walgreen Co.,http://www.walgreens.com
APRD00664,PDL BioPharma Inc.,http://www.pdl.com
DB05335,Watson Pharmaceuticals,http://www.watson.com
APRD00944,Valeant Ltd.,http://www.valeant.com
EXPT02271,R.P. Scherer GmbH and Co. KG,http://www.rpscherer.de
APRD00872,Physicians Total Care Inc.,http://www.physicianstotalcare.com
APRD00876,Wockhardt Ltd.,http://www.wockhardtin.com
APRD00141,Salix Pharmaceuticals,http://www.salix.com
APRD00076,Medisca Inc.,http://www.medisca.com
APRD00233,Zoetica Pharmaceutical Corp.,
APRD00547,Wyeth Pharmaceuticals,http://www.wyeth.com
APRD00075,Watson Pharmaceuticals,http://www.watson.com
APRD00051,Wockhardt Ltd.,http://www.wockhardtin.com
APRD00528,West-Ward Pharmaceuticals,http://www.west-ward.com
APRD00031,Professional Co.,
DB09528,Spectrum Pharmaceuticals,http://www.spectrumpharm.com
APRD00374,Vangard Labs Inc.,
EXPT02208,Novartis AG,http://www.novartis.com
APRD00795,Uluru Inc.,http://www.uluruinc.com
APRD00401,United Research Laboratories Inc.,http://www.urlpharma.com
APRD00744,Medical Development Int Ltd.,http://www.medicaldev.com
APRD00413,Southwood Pharmaceuticals,http://www.southwoodhealthcare.com
APRD00687,Pfizer Animal Health,http://www.pfizerah.com
APRD00167,Watson Pharmaceuticals,http://www.watson.com
APRD01096,Teva Pharmaceutical Industries Ltd.,http://www.tevapharm.com
APRD00509,United Research Laboratories Inc.,http://www.urlpharma.com
APRD00146,Vangard Labs Inc.,
APRD00525,Valeant Ltd.,http://www.valeant.com
DB09545,United Research Laboratories Inc.,http://www.urlpharma.com
APRD01251,Penn Pharmaceutical Services Ltd.,http://www.pennpharm.com
APRD00118,Physicians Total Care Inc.,http://www.physicianstotalcare.com
APRD00221,Vangard Labs Inc.,
APRD00996,PD-Rx Pharmaceuticals Inc.,http://www.pdrx.com
EXPT02777,West-Ward Pharmaceuticals,http://www.west-ward.com
APRD01298,Takeda Pharmaceutical Co. Ltd.,http://www.takeda.com
APRD00978,United Research Laboratories Inc.,http://www.urlpharma.com
APRD00216,ViiV Healthcare ULC,
DB01287,Prescript Pharmaceuticals,http://www.prescript.net
APRD00372,Xactdose Inc.,
DB11612,Sandoz,http://www.sandoz.ca
APRD00942,Wyeth Pharmaceuticals,http://www.wyeth.com
EXPT02728,Schering Corp.,http://www.schering.de
APRD00469,Shire Inc.,http://www.shire.com
APRD00248,West-Ward Pharmaceuticals,http://www.west-ward.com
APRD00427,Watson Pharmaceuticals,http://www.watson.com
APRD00182,Hospira Inc.,http://www.hospira.com
DB08189,Rugby Laboratories,http://www.rugbylaboratories.com
APRD00850,Tedec Meiji Farma S A,http://www.tedecmeiji.com
APRD00436,Watson Pharmaceuticals,http://www.watson.com
APRD00054,Vintage Pharmaceuticals Inc.,
APRD00601,Zydus Pharmaceuticals,http://www.zydususa.com
APRD00143,Sanofi-Aventis Inc.,http://www.sanofi-aventis.com
APRD00804,Remedy Repack,http://www.remedyrepack.com
APRD00594,Teva Pharmaceutical Industries Ltd.,http://www.tevapharm.com
DB06975,Walgreen Co.,http://www.walgreens.com
APRD00055,Warner Lambert Company LLC,
APRD00964,WC Pharmaceuticals,
APRD00096,Novartis AG,http://www.novartis.com
APRD00282,Lundbeck Inc.,http://www.lundbeckinc.com
APRD00366,Va Cmop Dallas,
APRD00412,X-Gen Pharmaceuticals,http://www.x-gen.us
APRD00255,Southwood Pharmaceuticals,http://www.southwoodhealthcare.com
APRD00946,Alcon Laboratories,http://www.alcon.com
APRD00382,Wa Butler Co.,
APRD00539,Wyeth Pharmaceuticals,http://www.wyeth.com
APRD00604,Sanofi-Aventis Inc.,http://www.sanofi-aventis.com
APRD01027,Cotherix Inc.,
APRD00833,Schering-Plough Inc.,http://www.schering-plough.ca
EXPT01231,Medisca Inc.,http://www.medisca.com
APRD00346,Physicians Total Care Inc.,http://www.physicianstotalcare.com
APRD00205,Teva Pharmaceutical Industries Ltd.,http://www.tevapharm.com
APRD00546,Southwood Pharmaceuticals,http://www.southwoodhealthcare.com
APRD00299,Valeant Ltd.,http://www.valeant.com
APRD00218,Teva Pharmaceutical Industries Ltd.,http://www.tevapharm.com
APRD00203,Physicians Total Care Inc.,http://www.physicianstotalcare.com
APRD00317,Spectrum Pharmaceuticals,http://www.spectrumpharm.com
DB08567,Zydus Pharmaceuticals,http://www.zydususa.com
APRD00456,Physicians Total Care Inc.,http://www.physicianstotalcare.com
APRD01069,Physicians Total Care Inc.,http://www.physicianstotalcare.com
APRD00056,Vetter Pharma Fertigung GmbH and Co. KG,http://www.vetter-pharma.com
APRD01115,Southwood Pharmaceuticals,http://www.southwoodhealthcare.com
APRD00885,X-Gen Pharmaceuticals,http://www.x-gen.us
APRD00285,Zyber Pharmaceuticals,
DB07725,Time-Cap Labs,http://timecaplabs.com
DB09440,Wockhardt Ltd.,http://www.wockhardtin.com
APRD00590,Watson Pharmaceuticals,http://www.watson.com
APRD00805,Physicians Total Care Inc.,http://www.physicianstotalcare.com
APRD00288,Zydus Pharmaceuticals,http://www.zydususa.com
APRD00914,Teva Pharmaceutical Industries Ltd.,http://www.tevapharm.com
APRD00771,Sanofi-Aventis Inc.,http://www.sanofi-aventis.com
APRD00535,William Laboratories Inc.,http://www.williamlabs.com
APRD00267,UDL Laboratories,http://www.udllabs.com
APRD00385,Santec Chemicals Corp.,http://www.santecchemcorp.com
APRD00943,Taro Pharmaceuticals USA,http://www.tarousa.com
DB06284,Zydus Pharmaceuticals,http://www.zydususa.com
APRD01212,Teva Pharmaceutical Industries Ltd.,http://www.tevapharm.com
APRD01197,Sanofi-Aventis Inc.,http://www.sanofi-aventis.com
APRD00188,St Mary's Medical Park Pharmacy,
APRD00653,Vangard Labs Inc.,
APRD01259,Sanofi-Aventis Inc.,http://www.sanofi-aventis.com
APRD00709,Baxter International Inc.,http://www.baxter.com
APRD00091,Zydus Pharmaceuticals,http://www.zydususa.com
DB06085,Yuhan Chemical Industrial Co. Ltd.,
APRD00620,Spectrum Chemicals and Laboratory Products,http://www.spectrumchemical.com
APRD00860,Bristol-Myers Squibb Co.,http://www.bms.com
APRD00196,West-Ward Pharmaceuticals,http://www.west-ward.com
APRD01114,Astellas Pharma Inc.,http://www.astellas.com
APRD00398,Wockhardt Ltd.,http://www.wockhardtin.com
APRD00021,Sun Pharmaceutical Industries Ltd.,http://www.sunpharma.com
EXPT01068,Teva Pharmaceutical Industries Ltd.,http://www.tevapharm.com
APRD00972,PD-Rx Pharmaceuticals Inc.,http://www.pdrx.com
APRD00402,Va Cmop Dallas,
APRD00461,Wockhardt Ltd.,http://www.wockhardtin.com
DB07682,Watson Pharmaceuticals,http://www.watson.com
APRD00305,Ortho-McNeil-Janssen Pharmaceuticals Inc.,http://www.ortho-mcneil.com
APRD00053,Patheon Inc.,http://www.patheon.com
APRD00621,Watson Pharmaceuticals,http://www.watson.com
APRD00268,Medimmune Inc.,http://www.medimmune.com
DB02330,Hospira Inc.,http://www.hospira.com
APRD00926,Pfizer Inc.,http://www.pfizer.com
APRD00404,Hospira Inc.,http://www.hospira.com
APRD00667,Vangard Labs Inc.,
APRD00840,Spectrum Pharmaceuticals,http://www.spectrumpharm.com
APRD00502,Teva Pharmaceutical Industries Ltd.,http://www.tevapharm.com
APRD00155,Vangard Labs Inc.,
APRD00040,Resource Optimization and Innovation LLC,
APRD00695,Sigma-Tau Pharmaceuticals Inc.,http://www.sigmatau.com
APRD00171,TTY Biopharm Co. Ltd.,http://www.tty.com.tw
APRD01007,Professional Co.,
APRD00026,Mead Johnson and Co.,http://www.meadjohnson.com
APRD00097,Watson Pharmaceuticals,http://www.watson.com
APRD00184,West-Ward Pharmaceuticals,http://www.west-ward.com
APRD00683,Vangard Labs Inc.,
APRD00126,Teva Pharmaceutical Industries Ltd.,http://www.tevapharm.com
DB08417,Watson Pharmaceuticals,http://www.watson.com
APRD00007,Teva Pharmaceutical Industries Ltd.,http://www.tevapharm.com
APRD00261,Watson Pharmaceuticals,http://www.watson.com
APRD00025,Stat Rx Usa,http://statrxusa.exporterus.com
APRD00418,Professional Co.,
APRD00981,Valeant Ltd.,http://www.valeant.com
APRD00663,Valeant Ltd.,http://www.valeant.com
APRD00871,Tolmar Inc.,http://www.tolmar.com
APRD00907,General Injectables and Vaccines Inc.,http://www.giv.com
APRD00566,Wockhardt Ltd.,http://www.wockhardtin.com
APRD00158,Stat Rx Usa,http://statrxusa.exporterus.com
APRD00772,Promius Pharma,http://www.promiuspharma.com
APRD00475,Alcon Laboratories,http://www.alcon.com
APRD00129,Southwood Pharmaceuticals,http://www.southwoodhealthcare.com
APRD00625,Pharmacia Inc.,http://www.pharmaciaupjohn.com
APRD00164,Wockhardt Ltd.,http://www.wockhardtin.com
APRD00356,Centaur Pharmaceuticals Pvt Ltd.,http://www.centaurpharma.com
APRD00176,Hospira Inc.,http://www.hospira.com
APRD00622,Zydus Pharmaceuticals,http://www.zydususa.com
APRD01217,Sanofi-Aventis Inc.,http://www.sanofi-aventis.com
APRD01068,Wockhardt Ltd.,http://www.wockhardtin.com
APRD00301,UDL Laboratories,http://www.udllabs.com
APRD00371,Wyeth Pharmaceuticals,http://www.wyeth.com
APRD00974,West-Ward Pharmaceuticals,http://www.west-ward.com
APRD00292,Mead Johnson and Co.,http://www.meadjohnson.com
APRD00165,Prescript Pharmaceuticals,http://www.prescript.net
APRD00181,Zhejiang Huayi Pharmaceutical Co. Ltd.,http://huayipharm.en.hisupplier.com
APRD00395,Wockhardt Ltd.,http://www.wockhardtin.com
APRD00985,X-Gen Pharmaceuticals,http://www.x-gen.us
APRD00668,Physicians Total Care Inc.,http://www.physicianstotalcare.com
APRD00955,Watson Pharmaceuticals,http://www.watson.com
DB07774,UDL Laboratories,http://www.udllabs.com
APRD00016,Zydus Pharmaceuticals,http://www.zydususa.com
APRD00901,Warner Chilcott Co. Inc.,http://ir.wcrx.com
APRD01218,Salix Pharmaceuticals,http://www.salix.com
APRD00493,Physicians Total Care Inc.,http://www.physicianstotalcare.com
APRD00442,Teva Pharmaceutical Industries Ltd.,http://www.tevapharm.com
APRD00329,West-Ward Pharmaceuticals,http://www.west-ward.com
APRD00675,Wyeth Pharmaceuticals,http://www.wyeth.com
APRD00068,Sanofi-Aventis Inc.,http://www.sanofi-aventis.com
APRD00613,Bristol-Myers Squibb Co.,http://www.bms.com
DB05526,UDL Laboratories,http://www.udllabs.com
APRD01169,Teva Pharmaceutical Industries Ltd.,http://www.tevapharm.com
APRD00929,Professional Co.,
APRD00623,R.P. Scherer GmbH and Co. KG,http://www.rpscherer.de
APRD00665,Xactdose Inc.,
APRD00674,Wockhardt Ltd.,http://www.wockhardtin.com
EXPT01107,Watson Pharmaceuticals,http://www.watson.com
APRD00219,Rx Elite,http://www.rxelite.com
APRD00638,Stat Rx Usa,http://statrxusa.exporterus.com
APRD00949,Teva Pharmaceutical Industries Ltd.,http://www.tevapharm.com
APRD00293,Zydus Pharmaceuticals,http://www.zydususa.com
DB07600,Teva Pharmaceutical Industries Ltd.,http://www.tevapharm.com
APRD00866,Contract Pharm,http://www.contractpharma.com
APRD00258,Emcure Pharmaceuticals Ltd.,http://www.emcure.co.in
APRD00701,Validus Pharmaceuticals,http://www.validuspharma.com
APRD00932,Sanofi-Aventis Inc.,http://www.sanofi-aventis.com
DB01249,GE Healthcare Inc.,http://www.gehealthcare.com
DB01250,UCB Pharma,http://www.ucb.com
DB01253,Valesco Pharmaceuticals Inc.,
DB01254,Physicians Total Care Inc.,http://www.physicianstotalcare.com
DB01255,Shire Inc.,http://www.shire.com
DB01256,Rebel Distributors Corp.,http://www.rebelrx.com
DB01257,Ben Venue Laboratories Inc.,http://www.benvenue.com
DB02584,GlaxoSmithKline Inc.,http://www.gsk.com
DB01260,Taro Pharmaceuticals USA,http://www.tarousa.com
DB07214,Resource Optimization and Innovation LLC,
DB01262,Pharmachemie BV,
DB01263,Schering-Plough Inc.,http://www.schering-plough.ca
EXPT00002,Remedy Repack,http://www.remedyrepack.com
DB01265,Novartis AG,http://www.novartis.com
DB01266,Doak Dermatologics,
DB01267,Rebel Distributors Corp.,http://www.rebelrx.com
DB07417,Pfizer Inc.,http://www.pfizer.com
DB01269,Amgen Inc.,http://www.amgen.com
DB01270,Novartis AG,http://www.novartis.com
DB01271,Shire Inc.,http://www.shire.com
DB01272,Genzyme Inc.,http://www.genzyme.ca
DB01273,US Pharmaceutical Group,
DB01274,Sepracor Pharmaceuticals Inc.,http://www.sepracor.com
DB01275,Vangard Labs Inc.,
DB01276,Physicians Total Care Inc.,http://www.physicianstotalcare.com
DB01277,Tercica Inc.,http://www.tercica.com
DB01278,Quality Care,
DB01279,BioMarin Pharmaceuticals Inc.,http://www.bmrn.com
DB01280,GlaxoSmithKline Inc.,http://www.gsk.com
DB01281,E.R. Squibb and Sons LLC,
DB01284,Sandoz,http://www.sandoz.ca
DB09547,Questcor,http://www.questcor.com
DB01291,Physicians Total Care Inc.,http://www.physicianstotalcare.com
DB01402,Walgreen Co.,http://www.walgreens.com
EXPT01563,Zylera Pharmaceuticals LLC,http://www.zylera.com
DB01299,F Hoffmann-La Roche Ltd.,http://www.roche.com
DB01303,Warner Chilcott Co. Inc.,http://ir.wcrx.com
DB01306,Physicians Total Care Inc.,http://www.physicianstotalcare.com
DB01307,Novo Nordisk Inc.,http://www.novonordisk.com
DB01309,Sanofi-Aventis Inc.,http://www.sanofi-aventis.com
DB01319,ViiV Healthcare ULC,
DB01320,Wockhardt Ltd.,http://www.wockhardtin.com
DB01323,Weleda Inc.,http://www.weleda.com
DB01324,Pfizer Inc.,http://www.pfizer.com
DB01327,West-Ward Pharmaceuticals,http://www.west-ward.com
DB01329,Pfizer Inc.,http://www.pfizer.com
DB01330,Physicians Total Care Inc.,http://www.physicianstotalcare.com
EXPT00897,West-Ward Pharmaceuticals,http://www.west-ward.com
DB01332,GlaxoSmithKline Inc.,http://www.gsk.com
DB01333,Teva Pharmaceutical Industries Ltd.,http://www.tevapharm.com
DB01337,Teva Pharmaceutical Industries Ltd.,http://www.tevapharm.com
DB01339,Zhejiang Xianju Pharmaceutical Co. Ltd.,http://www.junyepharm.com
DB06658,Sanofi-Aventis Inc.,http://www.sanofi-aventis.com
DB01345,Luitpold Pharmaceuticals Inc.,http://www.luitpold.com
DB01351,Ranbaxy Laboratories,http://www.ranbaxy.com
DB01356,West-Ward Pharmaceuticals,http://www.west-ward.com
DB01359,Schwarz Pharma Inc.,
DB01362,Nycomed Inc.,http://www.nycomed.com
DB01364,West-Ward Pharmaceuticals,http://www.west-ward.com
EXPT02758,Teva Pharmaceutical Industries Ltd.,http://www.tevapharm.com
DB01369,Sanofi-Aventis Inc.,http://www.sanofi-aventis.com
DB01373,SPI Pharma Sas,http://www.spipharma.com
DB01377,Walgreen Co.,http://www.walgreens.com
DB01378,United Guardian Inc.,http://www.u-g.com
DB01380,West-Ward Pharmaceuticals,http://www.west-ward.com
DB01381,Sunmark,http://www.sunmarkbrand.com
DB01390,Santarus Inc.,http://www.santarus.com
DB01392,West-Ward Pharmaceuticals,http://www.west-ward.com
DB01394,West-Ward Pharmaceuticals,http://www.west-ward.com
DB01396,Spectrum Pharmaceuticals,http://www.spectrumpharm.com
DB01397,US Pharmaceutical Corp.,http://www.uspco.com
DB01399,Va Cmop Dallas,
DB01400,Valeant Ltd.,http://www.valeant.com
DB01401,Pliva Inc.,http://www.pliva.com
DB01404,Tyler Encapsulations,
DB01406,Sanofi-Aventis Inc.,http://www.sanofi-aventis.com
DB01409,Physicians Total Care Inc.,http://www.physicianstotalcare.com
DB01410,Sepracor Pharmaceuticals Inc.,http://www.sepracor.com
DB01413,Sandoz,http://www.sandoz.ca
DB01415,Zyber Pharmaceuticals,
DB01416,Sandoz,http://www.sandoz.ca
DBSALT001032,Wa Butler Co.,
DB01421,Physicians Total Care Inc.,http://www.physicianstotalcare.com
DB01427,Taylor Pharmaceuticals,
DB01428,Valeant Ltd.,http://www.valeant.com
DB01430,Centocor Ortho Biotech Inc.,http://www.centocororthobiotech.com
DB01432,Upsher Smith Laboratories,http://www.upsher-smith.com
DB01435,Deston Therapeutics,http://www.deston.com
DB01438,WC Pharmaceuticals,
DB01440,Valeant Ltd.,http://www.valeant.com
DB01501,West-Ward Pharmaceuticals,http://www.west-ward.com
DB01515,Cambridge Isotope Laboratories Inc.,http://www.isotope.com
DB01551,Zerxis Pharmaceuticals,http://www.zerxis.com
DB01558,United States Pharmacopeial Convention Inc.,http://www.usp.org
DB01563,Vintage Pharmaceuticals Inc.,
DB01575,Pharmacia Inc.,http://www.pharmaciaupjohn.com
DB01576,Tiber Pharmaceuticals LLC,http://www.tiberlabs.com
DB01577,Physicians Total Care Inc.,http://www.physicianstotalcare.com
DB01579,Valeant Ltd.,http://www.valeant.com
DB01582,Spectrum Pharmaceuticals,http://www.spectrumpharm.com
DB01583,Forest Pharmaceuticals,http://www.forestpharm.com
DB01586,Watson Pharmaceuticals,http://www.watson.com
DB01588,Physicians Total Care Inc.,http://www.physicianstotalcare.com
DB01589,Questcor,http://www.questcor.com
DB01590,Quality Care,
APRD00168,US Pharmaceutical Corp.,http://www.uspco.com
DB01592,Seyer Pharmatec Inc.,http://www.spharmatec.com
DB01593,Xanodyne Pharmaceuticals Inc.,http://www.xanodyne.com
DB01598,Merck & Co.,http://www.merck.com
DB01599,Letco Medical Inc.,http://www.letcomedical.com
DB01602,Pharmaceutical Utilization Management Program VA Inc.,
EXPT03012,Wyeth Pharmaceuticals,http://www.wyeth.com
DB01607,GlaxoSmithKline Inc.,http://www.gsk.com
DB01609,Novartis AG,http://www.novartis.com
DB01610,Patheon Inc.,http://www.patheon.com
DB01611,Zydus Pharmaceuticals,http://www.zydususa.com
DB01612,X-Gen Pharmaceuticals,http://www.x-gen.us
DB01618,Physicians Total Care Inc.,http://www.physicianstotalcare.com
DB01623,Watson Pharmaceuticals,http://www.watson.com
DB01625,Gallipot,http://www.gallipot.com
DB01627,Raz Co. Inc.,
EXPT02824,V Sab Medical Labs Inc.,
EXPT00827,DSHealthcare Inc.,http://www.dshealthcare.com
EXPT02131,WC Pharmaceuticals,
DB04402,Smiths Medical ASD Inc.,http://www.smiths-medical.com
EXPT02902,Patheon Inc.,http://www.patheon.com
EXPT01342,Akorn Inc.,http://www.akorn.com
EXPT02762,Truett Laboratories,http://www.truettlabs.com
EXPT00412,OMJ Pharmaceuticals,
DB04184,Wockhardt Ltd.,http://www.wockhardtin.com
EXPT01917,Antigen Laboratories Inc.,http://www.antigenlab.com
EXPT01444,River's Edge Pharmaceuticals,http://www.riversedgepharma.com
EXPT03203,Truett Laboratories,http://www.truettlabs.com
EXPT02732,V Sab Medical Labs Inc.,
DB09294,Synthera Dr Friedrichs Gmgh Co. KG,http://www.synthera.de
EXPT02005,Schwarz Pharma Inc.,
DB04572,Sicor Pharmaceuticals,
DB05375,NutriScience Innovations LLC,http://www.nutriscienceusa.com
DB04711,Bracco Diagnostics Inc.,http://www.bracco.com
DB04817,Zhejiang Haisen Pharmaceutical Co. Ltd.,http://www.haisenpharma.com
DB04835,ViiV Healthcare ULC,
DB04838,Spectrum Pharmaceuticals,http://www.spectrumpharm.com
DB04843,Sanofi-Aventis Inc.,http://www.sanofi-aventis.com
DB04844,Lundbeck Inc.,http://www.lundbeckinc.com
DB04861,Physicians Total Care Inc.,http://www.physicianstotalcare.com
DB04890,ISTA Pharmaceuticals,http://www.istavision.com
DB04895,Pfizer Inc.,http://www.pfizer.com
DB04896,Physicians Total Care Inc.,http://www.physicianstotalcare.com
DB04899,Scios Inc.,http://www.sciosinc.com
DB04930,Sunmark,http://www.sunmarkbrand.com
DB05245,Watson Pharmaceuticals,http://www.watson.com
DB05246,Pfizer Inc.,http://www.pfizer.com
APRD00999,Teva Pharmaceutical Industries Ltd.,http://www.tevapharm.com
DB00667,Professional Co.,
DB05436,Spectrum Pharmaceuticals,http://www.spectrumpharm.com
DB06274,Pharmaceutics International Inc.,http://www.pharm-int.com
DB05581,Physicians Total Care Inc.,http://www.physicianstotalcare.com
DB06287,Wyeth Pharmaceuticals,http://www.wyeth.com
DB06439,Alcon Laboratories,http://www.alcon.com
DB06689,QOL Medical,http://www.qolmed.com
DB06692,Bayer Healthcare,http://www.bayerhealthcare.com
DB09412,Mallinckrodt Inc.,http://www.mallinckrodt.com
DB06786,Ranbaxy Laboratories,http://www.ranbaxy.com
