cost,currency,description,drugbank-id,sale-unit
273.19,USD,Refludan 50 mg vial,BIOD00024,vial
0.6,USD,Lufyllin-GG 100-100 mg/15ml Elixir,BIOD00001,ml
878.4,USD,Ontak 150 mcg/ml vial,BIOD00084,ml
2033.14,USD,Enbrel SureClick (1 Box Contains Four 50 mg Prefilled Autoinjectors),BIOD00052,box
780.0,USD,Angiomax 250 mg vial,DB02351,vial
2959.2,USD,Eligard 45 mg syringe,BIOD00009,syringe
2634.53,USD,Pegasys (1 Kit = Four 180 mcg/ml Vials Prefilled Syringes) Box,BIOD00043,box
4779.71,USD,Activase 100 mg vial,BIOD00050,vial
3902.75,USD,Aranesp (Albumin Free) 150 mcg/0.75ml Solution (1 Box = Four 0.75ml Vials),BIOD00032,box
1380.65,USD,Zoladex 10.8 mg implant syringe,BIOD00113,syringe
2605.93,USD,Retavase vial half-kit,BIOD00013,vial
6852.3,USD,Epogen 40000 unit/ml Solution 1 Box Contains Ten 1ml Vials,DB08923,box
139.39,USD,Miacalcin 200 unit/act Solution 3.7ml Bottle,BIOD00025,bottle
412.87,USD,Alferon n 5 million unit vial,BIOD00023,ml
4102.37,USD,Neulasta 6 mg/0.6 ml syringe,BIOD00094,syringe
0.42,USD,Bio-immunex capsule,BIOD00035,capsule
1.43,USD,Secretin-mannitol powder,BIOD00039,g
2428.8,USD,Peg-Intron Redipen Pak 4 4 50 mcg/0.5ml Kit Box,BIOD00048,kit
74.6,USD,Elspar 10000 unit vial,BIOD00011,vial
1196.4,USD,Thyrogen 1.1 mg vial,BIOD00020,vial
1.68,USD,Kogenate fs 500 unit vial,DBSALT002413,vial
449.9,USD,"Kineret 1 Box = 7 Syringes, 4.69ml Box",BIOD00060,box
0.32,USD,Neosporin + pain relief cream,BIOD00036,g
324.23,USD,Hypertet s-d 250 unit syringe,BIOD00091,syringe
162.26,USD,NovoLIN R PenFill 100 unit/ml Solution Five 3ml Cartridges Per Box = 15ml,DB08914,cartridge
3238.76,USD,Tnkase 50 mg kit,BIOD00019,kit
488.04,USD,Repronex 5 75 unit Solution 1 Box Contains Five 1ml Vials,BIOD00018,box
344.4,USD,Actimmune 2 million unit vial,BIOD00017,vial
0.83,USD,Pms-Desmopressin 0.1 mg Tablet,BIOD00061,tablet
1.64,USD,Novoseven 4800 mcg vial,BIOD00006,vial
352.9,USD,Neumega 5 mg vial,BIOD00021,vial
1650.0,USD,Kepivance 6.25 mg vial,BIOD00042,vial
128.34,USD,Glucagon 1 mg kit,BIOD00057,kit
1092.34,USD,Proleukin 22 million unit vial,BIOD00082,each
1245.5,USD,Myobloc 10000 unit/2ml Solution 2ml Vial,BIOD00070,vial
715.42,USD,Xolair 150 mg vial,BIOD00081,vial
38.88,USD,Luveris 75 unit vial,BIOD00056,vial
240.18,USD,HumaLOG Pen (five 3ml Pens Per Box) 15ml Box,DB01310,box
223.89,USD,Lantus SoloStar 100 unit/ml Solution 1 Box = Five 3ml Syringes,DB01308,box
3900.0,USD,Xiaflex 0.9 mg vial,DB11249,vial
3136.18,USD,Elitek 7.5 mg vial,BIOD00090,vial
689.92,USD,Cetrotide 3 mg kit,BIOD00115,kit
1995.1,USD,Humira Pen 2 40 mg/0.8ml Kit (1 Box = 1 Kit Containing Two 40 mg/0.8ml Pens),BIOD00049,box
1822.9,USD,Humatrope 24 mg cartridge,DB06417,cartridge
1903.2,USD,Cerezyme 400 unit vial,BIOD00026,vial
155.77,USD,Reopro 2 mg/ml vial,BIOD00041,ml
1481.66,USD,Xigris 20 mg vial,BIOD00068,vial
3104.82,USD,Mylotarg 5 mg vial,BIOD00077,vial
0.52,USD,Aralast np 500 mg vial,BIOD00002,vial
656.0,USD,Oncaspar 750 unit/ml vial,BIOD00079,ml
3252.29,USD,Avonex Prefilled (1 Box = 1 Kit = Four 30 mcg/0.5ml Syringes) Box,BIOD00093,box
4375.0,USD,Adagen 250 unit/ml vial,BIOD00100,ml
0.44,USD,Buminate 5% iv solution,DB00064,ml
12.41,USD,Integrilin 20 mg/10 ml vial,BIOD00063,ml
821.02,USD,Remicade 100 mg Solution Vial,BIOD00004,vial
1409.62,USD,Gonal-f rff 900 unit pen,DB09024,ml
7.68,USD,Pitressin 20 unit/ml vial,DB09392,ml
3315.06,USD,Betaseron 14 0.3 mg Solution 1 Box Contains Fourteen .3 mg Vials.,BIOD00078,box
134.24,USD,Infergen 15 mcg/0.5ml Injectable 0.5ml Vial,BIOD00062,vial
19200.0,USD,Vitrasert 4.5 mg implant,BIOD00022,implant
3581.2,USD,Herceptin 440 mg Solution Vial,BIOD00098,vial
708.17,USD,Rituxan 10 mg/ml Concentrate 10ml Vial,BIOD00014,vial
2471.6,USD,Simulect 20 mg vial,BIOD00073,vial
261.75,USD,Orthoclone okt-3 5 mg/5 ml,BIOD00005,ml
727.91,USD,Digibind 38 mg vial,BIOD00027,vial
37800.0,USD,Zevalin y-90 kit,BIOD00069,kit
272.7,USD,Cubicin 500 mg vial,BIOD00111,vial
180.77,USD,Bexxar 131 iodine dosimetric,DB09557,ml
208.38,USD,Somavert 20 mg vial,BIOD00044,vial
1260.0,USD,Botox 200 unit vial,BIOD00092,vial
0.87,USD,Pancrease 4500 unit Enteric Coated Capsule,DB05356,capsule
6179.24,USD,Campath 30 mg/ml Solution (1 Box Contains Three 1ml Vials),BIOD00109,box
380.64,USD,Ceredase 80 unit/ml vial,BIOD00037,ml
1584.0,USD,Prostascint kit,BIOD00080,kit
168.0,USD,Aldurazyme 2.9 mg/5 ml vial,BIOD00008,ml
499.62,USD,SandIMMUNE 100 mg/ml Solution 50ml Bottle,BIOD00003,bottle
1190.4,USD,Amevive 15 mg vial,BIOD00055,vial
103.85,USD,Fertinex 75 unit Solution,BIOD00104,vial
118.55,USD,Novarel 10000 unit/10ml Solution 1 Vial = 10ml,BIOD00034,vial
636.48,USD,Thymoglobulin 25 mg vial,BIOD00040,vial
4998.24,USD,Neupogen 480 mcg/0.8ml Solution 1 Box Contains Ten 0.8ml Syringes,DB09560,box
1.42,USD,Alphanine sd 250-1500 unit vial,BIOD00038,vial
723.82,USD,Regranex 0.01% Gel 15 gm Tube,BIOD00053,tube
5403.6,USD,Fabrazyme 35 mg vial,BIOD00075,vial
3860.62,USD,Sandostatin lar 30 mg kit,BIOD00088,kit
1110.84,USD,Intron-A 10000000 unit/0.2ml Kit (each Box Contains One 6 Dose 1.5ml Pen),DB05600,box
0.09,USD,Oxytocin-lr 40 unit/500 ml,BIOD00016,ml
207.31,USD,Tysabri 300 mg/15 ml vial,BIOD00083,ml
3062.23,USD,Fuzeon convenience kit,BIOD00106,kit
2786.78,USD,Avastin 400 mg/16ml Solution 16ml Vial,BIOD00087,vial
0.48,USD,Rubesol-1000 mcg/ml vial,EXPT00965,ml
0.32,USD,L-histidine mhc crystals,NUTR00030,g
0.86,USD,Sam-e 400 mg tablet,NUTR00052,tablet
0.11,USD,L-phenylalanine 500 mg tablet,NUTR00044,each
0.29,USD,Diachrome capsule,NUTR00019,capsule
0.06,USD,Choline-10 tablet,NUTR00020,tablet
0.16,USD,Lysine hcl powder,DB11101,g
0.51,USD,Arginine 100% crystals,NUTR00014,g
0.79,USD,Calcium ascorbate powder,DB11317,g
2.46,USD,L-aspartic acid powder,EXPT01823,g
0.12,USD,L-glutamine 500 mg tablet,NUTR00026,tablet
19.74,USD,Adenosine-5 monophosphate,EXPT00512,g
0.22,USD,Alpha lipoic acid 200 mg tablet,NUTR00034,tablet
3.85,USD,L-serine powder,DB03375,g
0.26,USD,Dl-methionine powder,NUTR00038,g
0.94,USD,L-tyrosine powder,NUTR00059,g
19.38,USD,Calcijex 2 mcg/ml,DB05314,ml
0.35,USD,L-alanine 600 mg capsule,NUTR00023,capsule
0.15,USD,Succinic acid cryst reagent,NUTR00054,g
0.44,USD,Riboflavin powder,DB09358,g
3.75,USD,Acetyl-d-glucosamine powder,NUTR00040,g
0.03,USD,L-glutamic acid powder,NUTR00027,g
21.32,USD,Glutathione crystals,EXPT01650,g
13.2,USD,Phosphatidylserine 40% powder,NUTR00048,g
0.31,USD,Diluent for flolan vial,NUTR00028,ml
18.24,USD,Pyridoxal-5-phosphate powder,NUTR00049,g
0.81,USD,Creatine monohydrate powder,NUTR00022,g
0.28,USD,L-leucine powder,NUTR00033,g
0.9,USD,Ratio-Tryptophan 1 g Tablet,EXPT02064,tablet
0.4,USD,L-cysteine 50 mg/ml vial,DB09485,ml
0.73,USD,Thiamine hcl powder,EXPT03222,g
0.48,USD,Drisdol 8288 unit/ml Liquid,APRD00426,ml
1.01,USD,L-citrulline powder,NUTR00021,g
4.57,USD,L-threonine crystal,NUTR00057,g
154.53,USD,Nicotinamide adenine powder,DB03527,g
0.15,USD,Folic Acid 1 mg tablet,NUTR00025,tablet
2.35,USD,L-alanine powder,NUTR00013,g
3.19,USD,L-valine crystal,NUTR00060,g
0.13,USD,Gordon's vite a creme,APRD00486,g
0.26,USD,Ester-e 400 unit softgel,EXPT03227,softgel capsule
0.18,USD,Pyridoxine 500 mg tablet,APRD00204,tablet
0.26,USD,Lipoic acid capsule,NUTR00035,capsule
3.21,USD,L-isoleucine powder,NUTR00031,g
1.68,USD,Aspartame powder,NUTR00046,g
0.8,USD,Vitamin d3 2400 unit/ml liquid,APRD00506,ml
5.59,USD,Menadione powder,NUTR00062,g
3.6,USD,L-proline crystal,NUTR00047,g
6.53,USD,Pravachol 80 mg tablet,APRD00328,tablet
0.95,USD,Luvox 50 mg Tablet,APRD00425,tablet
4.63,USD,Diovan hct 320-25 mg tablet,APRD00133,tablet
0.9,USD,Altace  5 mg Tablet,APRD00009,tablet
0.62,USD,Apo-Flunisolide 0.025 % Spray,APRD00976,ml
0.92,USD,Baclofen 20 mg tablet,APRD00551,tablet
5.1,USD,Desoxyn 5 mg tablet,APRD00480,tablet
0.55,USD,Commit 4 mg lozenge,DB11303,lozenge
2.69,USD,Evoxac 30 mg capsule,APRD00224,capsule
0.9,USD,Ativan 2 mg/ml vial,APRD00116,ml
13.21,USD,Brevibloc 250 mg/ml ampul,APRD00954,ml
1590.0,USD,Velcade 3.5 mg vial,DB07475,vial
27.54,USD,Carbidopa powder,APRD00160,g
0.54,USD,Phentermine 8 mg tablet,APRD00093,tablet
0.7,USD,Tramadol hcl 50 mg tablet,APRD00028,tablet
687.0,USD,Vidarabine monohydrate powder,EXPT02753,g
195.44,USD,Betoptic-S 0.25% Suspension 15ml Bottle,APRD00245,bottle
0.6,USD,Diflucan 2 mg/ml,APRD00327,ml
101.54,USD,Tamiflu 10 75 mg capsule Disp Pack,APRD01148,disp
0.93,USD,Ery-Tab 500 mg Enteric Coated Tabs,APRD00953,tab
812.5,USD,Cyanokit 5 g kit,APRD01022,kit
0.44,USD,Butalb-apap-caff 50-325-40 tablet,APRD00673,tablet
0.22,USD,Quelicin 20 mg/ml vial,APRD00159,ml
24.38,USD,Sildenafil citrate powder,APRD00556,g
3.64,USD,Tikosyn 250 mcg capsule,APRD00367,capsule
0.98,USD,Daraprim 25 mg tablet,APRD00599,tablet
0.83,USD,Reserpine 0.1 mg tablet,APRD00472,tablet
0.95,USD,Sandoz Azithromycin 40 mg/ml Suspension,APRD00397,ml
0.72,USD,Ticlopidine 250 mg Tablet,APRD01257,tablet
5.17,USD,Sanctura XR 60 mg 24 Hour Capsule,APRD00393,capsule
227.13,USD,Differin 0.1% Gel 45 gm Tube,APRD00780,tube
0.59,USD,Apo-Midodrine 5 mg Tablet,APRD01116,tablet
14.4,USD,Protonix iv 40 mg vial,APRD00073,vial
0.85,USD,Torsemide 20 mg tablet,APRD00217,tablet
0.99,USD,Ctp 30 30 mg Tablet,APRD00147,tablet
156.05,USD,Relpax 6 40 mg tablet Box,APRD00945,box
0.17,USD,Avelox iv 400 mg/250 ml,APRD00281,ml
0.54,USD,Viracept 50 mg/gm Powder,APRD00003,gm
0.88,USD,Amaryl 1 mg tablet,APRD00381,tablet
145.75,USD,Psorcon 0.05% Ointment 60 gm Tube,APRD00921,tube
0.76,USD,Crixivan 100 mg capsule,APRD00069,each
7.02,USD,Omniscan prefill plus syringe,APRD00990,ml
7.99,USD,Altoprev 60 mg 24 Hour tablet,APRD00370,tablet
0.55,USD,Ethrane inhalation,APRD00234,ml
2.88,USD,Lyrica 75 mg capsule,APRD01198,capsule
0.69,USD,Temazepam 30 mg capsule,APRD00676,capsule
0.77,USD,Methyclothiazide 5 mg tablet,APRD01104,tablet
3.59,USD,Paser granules 4 gm packet,DB09367,packet
1.6,USD,Primacor 0.2 mg/ml-d5w 100 ml,APRD00010,ml
2.46,USD,Butisol sodium 50 mg tablet,APRD00752,tablet
9.3,USD,Viramune 200 mg tablet,DB08311,tablet
157.99,USD,Oxistat 1% Cream 60 gm Tube,APRD01154,tube
141.1,USD,Aclovate 0.05% Ointment 60 gm Tube,APRD00783,tube
3.83,USD,Butalbital powder,APRD00266,g
102.78,USD,Leustatin 10 mg/10 ml vial,APRD00260,ml
6.89,USD,Ranexa 1000 mg 12 Hour tablet,APRD01300,tablet
0.69,USD,Mesasal 500 mg Enteric-Coated Tablet,DB06396,tablet
0.41,USD,Benztropine mes 2 mg tablet,APRD00748,tablet
1407.72,USD,Zoladex 10.8 mg Implant Syringe,APRD00540,syringe
2580.0,USD,Methysergide maleate 100% powder,APRD00463,g
37.39,USD,Cabergoline 0.5 mg tablet,APRD00836,tablet
273.88,USD,Idoxuridine powder,DB03778,g
0.86,USD,Dapsone 100 mg tablet,APRD00345,tablet
0.96,USD,Terconazole 0.4% cream,APRD00659,g
0.98,USD,Phenytek 200 mg capsule,APRD00241,capsule
0.76,USD,Doxycycline Hyclate 50 mg capsule,APRD00597,capsule
13.77,USD,Diethylstilbestrol powder,EXPT01164,g
0.9,USD,Mycelex 1% cream,APRD00244,g
0.41,USD,Phoslo 667 mg tablet,APRD00839,tablet
0.33,USD,Avc 15% cream,APRD00438,g
7.53,USD,Seromycin 250 mg capsule,DB03123,each
13.03,USD,Agrylin 1 mg capsule,APRD00798,each
22611.26,USD,Gliadel Wafer 8 7.7 mg Wafers Box,APRD00006,box
0.42,USD,Sulfazine EC 500 mg Enteric Coated Tabs,APRD00595,tab
0.9,USD,Metoprolol succ er 50 mg tablet,APRD00208,tablet
0.27,USD,Eurax 10% cream,APRD00211,g
0.65,USD,Ropinirole 2 mg Tablet,APRD00302,tablet
5.59,USD,DynaCirc CR 10 mg 24 Hour tablet,APRD00298,tablet
0.92,USD,Gastrografin 66-10 solution,APRD00913,ml
0.69,USD,Sandoz Topiramate 25 mg Tablet,APRD00237,tablet
12.81,USD,Benicar 5 mg tablet,APRD00223,tablet
0.94,USD,Theochron 450 mg tablet sa,DB09359,tablet
1546.46,USD,Argatroban 100 mg/ml Solution 2.5ml Vial,APRD00105,vial
0.89,USD,Cytomel 5 mcg tablet,APRD01074,tablet
0.96,USD,Disopyramide Phosphate 150 mg capsule,APRD00507,capsule
0.99,USD,Zilactin-l cold sore liquid,DB05291,ml
839.59,USD,Aredia 90 mg vial,APRD01161,each
0.9,USD,Clemastine Fumarate 2.68 mg tablet,APRD00875,tablet
0.91,USD,Acarbose 25 mg tablet,APRD00656,tablet
0.57,USD,Sandoz Venlafaxine Xr 37.5 mg Extended-Release Capsule,APRD00125,capsule
0.69,USD,Premarin 0.625 mg/g Cream,APRD00396,g
190.82,USD,Travatan Z 0.004% Solution 5ml Bottle,APRD01271,bottle
0.62,USD,Cyclocort 0.1 % Ointment,APRD00788,g
6.94,USD,Strattera 80 mg capsule,APRD00614,capsule
584.83,USD,Blenoxane 30 unit vial,EXPT00718,vial
3.92,USD,Leukeran 2 mg tablet,APRD00115,tablet
1.55,USD,Amidate 2 mg/ml vial,APRD00965,ml
714.34,USD,Implanon 68 mg implant,APRD00766,each
0.99,USD,Statex 50 mg/ml Drops,DB05354,ml
0.99,USD,Ropivacaine hcl 0.2% on-q pump,APRD00492,ml
0.93,USD,Marcaine spinal ampul,APRD00247,ml
53.8,USD,Denavir 1% Cream 1.5 gm Tube,DB01730,tube
33.95,USD,Viread 300 mg tablet,DB13426,tablet
8.8,USD,Cyklokapron 100 mg/ml ampul,EXPT00508,ml
72.85,USD,Invanz 1 gm add-vantage vial,APRD00952,vial
79.99,USD,Mircette 28 0.15-0.02/0.01 mg (21/5) tablet Disp Pack,APRD00762,disp
878.48,USD,Mutamycin 40 mg vial,APRD00284,vial
38.0,USD,Targretin 75 mg capsule,APRD00114,capsule
54.27,USD,Corvert 1 mg/10 ml vial,APRD01025,ml
0.46,USD,Chlorthalidone 50 mg tablet,APRD00127,tablet
27.0,USD,Pentobarbital sodium powder,APRD01174,g
0.79,USD,Valproic acid 250 mg capsule,APRD00066,capsule
25.54,USD,Capastat sulfate 1 gm vial,APRD00844,vial
235.62,USD,Zomig 6 5 mg Solution 1 Box = 6 Single Use Bottles,APRD00376,bottle
0.93,USD,Propoxyphene-apap 50-325 mg tablet,APRD00252,tablet
163.98,USD,Tarceva 150 mg tablet,DB07998,tablet
0.86,USD,Codeine sulfate 60 mg tablet,DB09471,tablet
154.8,USD,Piperacillin 40 gm bulk vial,APRD00325,vial
124.61,USD,D.H.E. 45 1 mg/ml Solution 1ml Ampule,DB05743,ampule
0.66,USD,Amitriptyline hcl 100 mg tablet,APRD00227,tablet
144.0,USD,Floxuridine 500 mg vial,APRD00692,vial
8.13,USD,Tasmar 100 mg tablet,APRD00445,tablet
82.16,USD,FML Liquifilm 0.1% Suspension 15ml Bottle,APRD00980,bottle
12.69,USD,Calcium gluceptate powder,APRD00841,g
0.96,USD,Hydromorphone-ns 2.5 mg/25 ml,APRD01021,ml
0.93,USD,Sandoz Indomethacin 50 mg Suppository,APRD00109,suppository
0.79,USD,Myambutol 100 mg tablet,APRD00957,tablet
0.75,USD,MetFORMIN HCl 500 mg 24 Hour tablet,APRD01099,tablet
0.58,USD,Pms-Ipratropium 250 mcg/ml Solution,APRD00537,ml
0.9,USD,Metadol 10 mg Tablet,APRD00485,tablet
1287.9,USD,Zyprexa relprevv 405 mg vial,APRD00138,vial
0.85,USD,Atenolol 50 mg tablet,APRD00172,tablet
0.63,USD,Nitrofurazone powder,APRD00050,g
315.76,USD,Elidel 100 Gram Tube 1% 100 gm Tube,APRD01182,tube
0.86,USD,Sandoz Omeprazole (Sustained-Release Capsule) 10 mg Capsule/Sustained Release Tablet,APRD00446,tablet
3.1,USD,Rifater tablet,APRD01206,tablet
0.9,USD,Child's zyrtec chew tablet,APRD00630,tablet
0.99,USD,Diltiazem HCl CR 90 mg 12 Hour Capsule,APRD00473,capsule
588.33,USD,Tofranil-PM 30 75 mg capsule Bottle,APRD00441,bottle
0.67,USD,Aminohippurate 20% vial,APRD00792,ml
4.06,USD,Uroxatral 10 mg 24 Hour tablet,APRD00490,tablet
308.68,USD,Orfadin 10 mg capsule,APRD01141,capsule
0.23,USD,Pms-Clobazam 10 mg Tablet,APRD00307,tablet
0.7,USD,Minoxidil 2.5 mg tablet,DB08225,tablet
0.72,USD,Megestrol Acetate 20 mg tablet,APRD01092,tablet
9.88,USD,Thioguanine tabloid 40 mg tablet,APRD00290,each
0.29,USD,Norforms fem deodorant suppository,APRD00739,suppository
0.8,USD,Azactam-iso-osmot 1 gm/50 ml,EXPT00605,ml
0.87,USD,Chlorzoxazone 500 mg tablet,APRD00308,tablet
322.77,USD,Lariam 25 250 mg tablet Box,APRD00300,box
0.42,USD,Sulfazine EC 500 mg Enteric Coated Tabs,APRD00190,tab
36.5,USD,Kuvan 100 mg tablet,DB02692,tablet
42.0,USD,Navelbine 50 mg/5 ml vial,APRD00101,ml
216.0,USD,Eraxis(water dil) 100 mg vial,APRD01301,vial
0.69,USD,Gen-Clozapine 25 mg Tablet,APRD00470,tablet
0.72,USD,Sucralfate 1 gm tablet,APRD01238,tablet
0.34,USD,Unisom sleep aid tablet,APRD00937,tablet
0.98,USD,Trivora-28 tablet,APRD00106,tablet
0.96,USD,Norepinephrine 1 mg/ml vial,APRD01299,ml
923.52,USD,Vistide 75 mg/ml Solution 5ml Vial,APRD00148,vial
0.73,USD,Sandoz Mirtazapine 30 mg Tablet,APRD00685,tablet
0.84,USD,Meprobamate 400 mg tablet,APRD01095,tablet
0.94,USD,Timolol maleate 20 mg tablet,DB08625,tablet
737.0,USD,Remodulin 10 mg/ml vial,APRD01272,ml
0.86,USD,Colestid 1 gm tablet,APRD00884,tablet
0.37,USD,Trihexyphenidyl HCl 5 mg tablet,APRD00070,tablet
52.8,USD,Aloxi 0.075 mg/1.5 ml vial,APRD00351,ml
0.89,USD,Novo-Mexiletine 100 mg Capsule,APRD00242,capsule
517.18,USD,Zinecard 500 mg vial,DB02444,vial
0.7,USD,Sandoz Amlodipine 5 mg Tablet,APRD00520,tablet
3.03,USD,Cognex 40 mg capsule,APRD00690,capsule
30.0,USD,Oxyphencyclimine hcl powder,APRD00399,g
219.96,USD,Valstar 40 mg/ml vial,APRD00662,ml
0.06,USD,Pms-Procyclidine 2.5 mg Tablet,APRD00383,tablet
0.6,USD,Neofrin 2.5% eye drops,APRD00365,ml
0.73,USD,Lanoxin 0.125 mg tablet,APRD00098,tablet
0.23,USD,Parsitan 50 mg Tablet,APRD00729,tablet
952.07,USD,NiMODipine 100 30 mg capsule Box,APRD00612,box
0.46,USD,Propaderm 250 mcg/g Cream,DB11897,g
0.57,USD,Carisoprodol 350 mg tablet,APRD00417,tablet
0.74,USD,Progesterone powder micronized,APRD00700,g
0.7,USD,Codimal la capsule,DB09441,capsule
66.61,USD,Nexavar 200 mg tablet,DB07438,tablet
1095.69,USD,Zometa 4 mg/5ml Concentrate 5ml Vial,DB06286,vial
43.0,USD,Griseofulvin Microsize 125 mg/5ml Suspension 120ml Bottle,APRD01004,bottle
6.84,USD,Sular 34 mg 24 Hour tablet,APRD00635,tablet
8.08,USD,Lunesta 2 mg tablet,APRD00431,tablet
0.78,USD,Alprazolam 1 mg tablet,DB05925,tablet
0.82,USD,Ala-hist ir 2 mg tablet,APRD00770,tablet
0.16,USD,Gentian violet 2% solution,APRD00998,ml
0.99,USD,Loxapine 5 mg capsule,APRD00574,capsule
0.55,USD,Bactroban 2 % Ointment,APRD00162,g
0.91,USD,Isopto Carbachol 3 % Solution,DB02487,ml
8.69,USD,Avandia 8 mg tablet,APRD00403,tablet
0.62,USD,Sandoz Pramipexole 0.25 mg Tablet,APRD00156,tablet
0.61,USD,Ampicillin tr 500 mg capsule,APRD00320,capsule
0.77,USD,Penicillin V Potassium 500 mg tablet,DB08415,tablet
0.93,USD,Seconal sodium 100 mg pulvul,APRD00497,each
160.67,USD,Zavesca 100 mg capsule,APRD01118,capsule
0.88,USD,Chlorpromazine Hcl 25 mg/ml,APRD00358,ml
0.83,USD,Spironolactone 50 mg tablet,APRD01234,tablet
0.95,USD,Methylphenidate HCl 10 mg tablet,APRD00657,tablet
0.95,USD,Methocarbamol powder,APRD01102,g
0.97,USD,Levsin-sl 0.125 mg tablet sl,APRD00607,tablet
6.19,USD,Ambien cr 6.25 mg tablet,APRD00095,tablet
14.39,USD,Famvir 500 mg tablet,APRD00600,tablet
0.15,USD,Triprolidine 1.25 mg/5 ml liq,APRD00306,ml
78.82,USD,Zanosar 1 gm powder vial,APRD00209,vial
0.49,USD,Tham iv solution,APRD00847,ml
142.33,USD,Lindane 1% Shampoo 60ml Bottle,APRD01072,bottle
160.07,USD,Viroptic 1% Solution 7.5ml Bottle,APRD01275,bottle
0.91,USD,Prochlorperazine 5 mg/ml,APRD00624,ml
0.47,USD,Cyproheptadine HCl 4 mg tablet,APRD00033,tablet
45.0,USD,Bendroflumethiazide powder,APRD00666,g
0.82,USD,Zyloprim 100 mg tablet,DB03027,tablet
0.62,USD,Fortaz-iso-osmot 2 gm/50 ml,APRD00857,ml
0.84,USD,Sulfamethoxazole-tmp vial,APRD00103,ml
903.93,USD,Gemzar 1 gm Solution Vial,APRD00201,vial
28.94,USD,Baraclude 1 mg tablet,APRD00948,tablet
0.54,USD,Ratio-Topilene 0.05 % Glycol Ointment,APRD00513,g
75.31,USD,Vumon 10 mg/ml ampul,APRD00649,ml
2845.85,USD,Epirubicin hcl 200 mg vial,APRD00361,vial
28.74,USD,Chloramphen na succ 1 gm vial,EXPT00942,vial
0.86,USD,Prevacid 24hr dr 15 mg capsule,APRD00077,capsule
5.02,USD,Propine 0.1% eye drops,APRD00930,ml
0.7,USD,Droperidol 2.5 mg/ml ampul,APRD00939,ml
0.99,USD,Synthroid 200 mcg tablet,EXPT02993,tablet
0.84,USD,Neomycin sulfate powder,APRD00618,g
0.98,USD,Meperidine Hydrochloride 50 mg/ml,APRD00074,ml
0.99,USD,Lisinopril 10 mg tablet,APRD00384,tablet
0.98,USD,Prazosin HCl 5 mg capsule,APRD00020,capsule
0.97,USD,Apo-Trimip 100 mg Tablet,DB08002,tablet
30.21,USD,Soriatane 22.5 mg capsule,APRD00778,capsule
1702.64,USD,Visudyne 15 mg vial,APRD01290,vial
0.39,USD,Novo-Nabumetone 500 mg Tablet,APRD01128,tablet
234.68,USD,Pamine Forte 60 5 mg tablet Box,APRD00314,box
33.0,USD,Sotradecol 3% vial,APRD00575,ml
0.93,USD,Ketorolac 10 mg tablet,APRD01060,tablet
0.39,USD,Novo-Quinine 300 mg Capsule,APRD00563,capsule
1.21,USD,Apo-Tenoxicam 20 mg Tablet,APRD00011,tablet
29.86,USD,Marinol 10 mg capsule,APRD00571,capsule
145.91,USD,Singulair 30 5 mg Chew Tabs Bottle,APRD00434,bottle
0.61,USD,Apo-Fluoxetine 4 mg/ml Liquid,APRD00530,liquid
221.2,USD,Brevital sodium 2.5 gm vial,APRD00058,vial
0.84,USD,Librium 5 mg capsule,APRD00682,capsule
5.38,USD,Cymbalta 60 mg Enteric Coated Capsule,APRD00060,capsule
0.84,USD,ChlorproMAZINE HCl 100 mg tablet,APRD00482,tablet
0.44,USD,Levaquin 500 mg/100 ml d5w,APRD01219,ml
26.01,USD,Amikacin sulfate powder,APRD00550,g
411.71,USD,Revlimid 25 mg capsule,APRD01303,capsule
4.37,USD,Evista 60 mg tablet,APRD00400,tablet
6.78,USD,Celebrex 400 mg capsule,APRD00373,capsule
228.5,USD,Alphagan P 15ml Bottle .15% 15ml Bottle,APRD00034,bottle
0.69,USD,Dicloxacillin Sodium 250 mg capsule,APRD00916,capsule
13.99,USD,Cesamet 1 mg capsule,APRD01127,capsule
12.03,USD,Hexalen 50 mg capsule,APRD00652,capsule
0.68,USD,Sandoz Sotalol 160 mg Tablet,APRD01230,tablet
0.79,USD,Buspirone hcl 5 mg tablet,APRD00222,tablet
1.46,USD,Glyset 100 mg tablet,APRD01117,tablet
0.91,USD,Monopril 10 mg Tablet,APRD00526,tablet
31.43,USD,Cefotaxime sodium 10 gm vial,APRD00854,vial
2.96,USD,Comtan 200 mg tablet,APRD00416,tablet
74.11,USD,Retrovir 50 mg/5ml Syrup 240ml Bottle,APRD00449,bottle
5.22,USD,Enablex 7.5 mg 24 Hour tablet,APRD00903,tablet
0.98,USD,Oxycontin 10 mg Sustained-Release Tablet,APRD00387,tablet
2.12,USD,Flutamide 125 mg capsule,APRD00984,capsule
0.77,USD,Tolmetin sodium 200 mg tablet,APRD01268,tablet
0.93,USD,Cimetidine 300 mg tablet,APRD00568,tablet
0.8,USD,Haloperidol 5 mg tablet,APRD00538,tablet
10.29,USD,Norvir 100 mg tablet,APRD00312,tablet
23.22,USD,Alinia 500 mg tablet,APRD00558,tablet
0.24,USD,Vancomycin-ns 1.5 g/150 ml,EXPT03217,ml
0.06,USD,Aminocaproic acid 250 mg/ml,DB04134,ml
0.35,USD,Triaminic cold-stuff nose strip,APRD00655,strip
0.41,USD,Cisplatin 1 mg/ml vial,APRD00359,ml
0.41,USD,Albendazole powder,APRD00782,g
0.83,USD,Mavik 2 mg Capsule,APRD01269,capsule
421.06,USD,Cancidas iv 70 mg vial,APRD00199,vial
57.82,USD,Carteolol HCl 1% Solution 15ml Bottle,APRD00195,bottle
246.73,USD,Retin-A Micro Pump 0.1% Gel 50 gm Bottle,APRD00017,bottle
2.89,USD,Zaroxolyn 10 mg tablet,APRD01109,tablet
0.19,USD,Zeasorb-af 2% lotion,APRD01607,g
1650.0,USD,Oxaliplatin 100 mg vial,APRD00186,vial
0.15,USD,Nupercainal 1% ointment,APRD00915,g
0.43,USD,Foscavir 24 mg/ml infus bottle,APRD00669,ml
163.98,USD,Tarceva 150 mg tablet,APRD00951,tablet
37.76,USD,Cyclophosphamide 500 mg vial,APRD00408,vial
101.59,USD,Omnicef 125 mg/5ml Suspension 100ml Bottle,APRD00644,bottle
0.25,USD,Guanidine hcl 125 mg tablet,EXPT01546,tablet
0.72,USD,Cipro i.v. 10 mg/ml vial,EXPT00999,ml
4.49,USD,Optimark 330.9 mg/ml vial,APRD00993,ml
11.84,USD,Fareston 60 mg tablet,APRD00391,tablet
0.94,USD,Nortriptyline hcl 50 mg capsule,APRD00602,capsule
0.19,USD,Oncovite tablet,APRD00495,tablet
0.99,USD,Lotensin 10 mg Tablet,APRD00063,tablet
0.63,USD,Amoxapine 25 mg tablet,APRD00142,tablet
0.9,USD,Efudex 50 mg/g Cream,EXPT03204,g
0.62,USD,Pyridostigmine Bromide 60 mg tablet,APRD00380,tablet
0.73,USD,Topicort 0.25 % Cream,APRD00910,g
262.74,USD,Azelex 20% Cream 50 gm Tube,EXPT00598,tube
1.92,USD,Accolate 10 mg tablet,APRD00377,tablet
0.34,USD,Propyl-Thyracil 100 mg Tablet,APRD00297,tablet
1.66,USD,Lithostat 250 mg tablet,EXPT01688,tablet
2280.0,USD,Pentostatin 10 mg vial,APRD00202,vial
0.65,USD,Oxsoralen 10 mg Capsule,APRD00157,capsule
0.75,USD,Nu-Pirox 20 mg Capsule,APRD01187,capsule
0.88,USD,Ratio-Lamotrigine 100 mg Tablet,APRD00570,tablet
56.16,USD,Optison vial,APRD01177,ml
0.72,USD,Hydroxyzine hcl 10 mg tablet,APRD00688,tablet
75.73,USD,Relenza Diskhaler 20 5 mg/blister Aerosol Inhaler,APRD00378,inhaler
4.67,USD,Doxapram hcl 20 mg/ml vial,APRD00935,ml
0.66,USD,Ratio-Methotrexate Sodium 2.5 mg Tablet,APRD00353,tablet
0.97,USD,TEGretol XR 100 mg 12 Hour tablet,APRD00337,tablet
13.8,USD,Nimbex 10 mg/ml vial,APRD00874,ml
15.61,USD,Dmsa powder,APRD01236,g
0.72,USD,Cephalexin 250 mg capsule,APRD00250,capsule
148.62,USD,Arixtra 7.5 mg/0.6ml Solution 0.6ml Syringe,DB11728,syringe
18.6,USD,Vinblastine sulf 10 mg vial,APRD00708,each
0.69,USD,Inderal-La 80 mg Sustained-Release Capsule,APRD00194,capsule
0.96,USD,Atropine 0.4 mg/ml vial,EXPT02427,ml
0.91,USD,Nalfon 200 mg capsule,APRD00970,capsule
0.5,USD,Clonidine hcl 0.3 mg tablet,DB07566,tablet
0.72,USD,Methazolamide 50 mg tablet,APRD00684,tablet
14.62,USD,Valtrex 1 gm tablet,APRD00697,tablet
0.09,USD,Constulose 10 gm/15 ml soln,APRD01063,ml
870.72,USD,Vfend 40 mg/ml Suspension 75ml Bottle,APRD00543,bottle
0.97,USD,Carnitor 330 mg tablet,APRD01070,tablet
0.92,USD,Vasotec 5 mg Tablet,APRD00510,tablet
0.96,USD,Pms-Nizatidine 300 mg Capsule,APRD00706,capsule
0.93,USD,Voltaren 50 mg Enteric-Coated Tablet,APRD00527,tablet
0.77,USD,Flovent Hfa 250 mcg/dose Metered Dose Aerosol,APRD00065,dose
0.99,USD,Doxazosin mesylate 4 mg tablet,APRD00474,tablet
0.35,USD,Derma-smoothe-fs scalp oil,APRD00977,ml
0.87,USD,Desipramine HCl 10 mg tablet,DB11514,tablet
0.34,USD,Zarontin 250 mg/5ml Solution,APRD00318,ml
0.28,USD,Apo-Amiloride 5 mg Tablet,EXPT00514,tablet
3.85,USD,Terramycin-polymyx eye ointm,APRD00019,g
0.9,USD,Ultravate 0.05 % Cream,APRD01010,g
6.81,USD,Prohance 279.3 mg/ml vial,APRD00992,ml
0.76,USD,Labetalol hcl 200 mg tablet,APRD01062,tablet
5.28,USD,Hydroquinone mono benzyl ether,APRD01121,g
0.6,USD,Zyvox 200 mg/100 ml iv soln,DB08769,ml
116.13,USD,Stromectol 20 3 mg tablet Box,APRD01058,box
0.96,USD,Apo-Medroxy 100 mg Tablet,APRD00627,tablet
0.51,USD,Nu-Sulindac 200 mg Tablet,APRD01243,tablet
0.43,USD,Nafcillin 1 gm/ 50 ml inj,DB08269,ml
0.35,USD,Novo-Chloroquine 250 mg Tablet,APRD00468,tablet
4.31,USD,Trecator 250 mg tablet,APRD00961,tablet
56.99,USD,Butorphanol Tartrate 10 mg/ml Solution 2.5ml Bottle,APRD00835,bottle
0.38,USD,Sandoz Bisoprolol 10 mg Tablet,APRD00257,tablet
2.04,USD,Furazolidone powder,APRD00988,g
13.01,USD,Mycobutin 150 mg capsule,APRD00094,capsule
22.29,USD,Declomycin 300 mg tablet,APRD00272,tablet
174.38,USD,Gleevec 400 mg tablet,DB03261,tablet
0.47,USD,Triderm 0.1% cream,APRD00422,g
27.02,USD,Oxandrin 10 mg tablet,APRD01151,tablet
0.87,USD,Cardene sr 30 mg capsule,APRD00088,capsule
0.97,USD,Fluphenazine 5 mg tablet,APRD00633,tablet
0.91,USD,First-testosterone mc 2% cr,DB05275,g
21.68,USD,Sustiva 600 mg tablet,DB07709,tablet
0.15,USD,CVS Pharmacy bacitracin 500 unit/gm oin,APRD00816,g
0.57,USD,Niacinamide ascorbate powder,APRD00536,g
0.93,USD,Clorazepate Dipotassium 7.5 mg tablet,APRD00881,tablet
2.13,USD,Guanabenz acetate 8 mg tablet,APRD00487,tablet
107.66,USD,Fosamax Plus D 4 70-5600 mg-Unit tablet Disp Pack,APRD00561,disp
135.0,USD,Clolar 20 mg/20 ml vial,DB06189,ml
7.57,USD,Abreva 10% cream,APRD00933,g
41.32,USD,Precedex 200 mcg/2 ml vial,APRD00578,ml
0.98,USD,Sulfacetamide sod cryst powder,APRD00452,g
0.5,USD,PredniSONE 5 mg/5ml Solution,APRD00340,ml
0.96,USD,Femstat 3 cream,APRD00834,g
19.74,USD,Adenosine-5 monophosphate,DB06639,g
0.59,USD,Ran-Simvastatin 5 mg Tablet,APRD00104,tablet
3154.94,USD,Alimta 500 mg Solution Vial,EXPT02075,vial
16.42,USD,Mebendazole 100 mg Chew Tabs,APRD01086,tab
4.9,USD,Dyclonine hcl powder,APRD00940,g
0.71,USD,Nystatin 500000 unit tablet,APRD01146,tablet
0.57,USD,Propoxyphene-APAP 65-650 mg tablet,APRD00548,tablet
7.75,USD,Mitotane powder,APRD00494,g
88.11,USD,Zerit 1 mg/ml Solution 200ml Bottle,APRD00440,bottle
24.73,USD,Leucovorin calcium 25 mg tablet,APRD00698,tablet
0.78,USD,Dyphylline gg es tablet,APRD00769,tablet
0.47,USD,Talwin 50 mg Tablet,APRD01173,tablet
0.92,USD,Magnesium Sulfate 50% Solution 2ml Vial,APRD01080,vial
93.59,USD,Xalatan 0.005% Solution 2.5ml Bottle,APRD01065,bottle
21.42,USD,Estrone powder,APRD00588,g
0.76,USD,TraZODone HCl 100 mg tablet,APRD00533,tablet
2.41,USD,Renagel 800 mg tablet,APRD01226,tablet
0.98,USD,Campral 333 mg Enteric Coated Tabs,APRD00661,tab
0.84,USD,Skelaxin 400 mg tablet,APRD00514,tablet
0.91,USD,Pms-Verapamil Sr 240 mg Sustained-Release Tablet,APRD00335,tablet
0.99,USD,Trimethobenzamide 300 mg cap,APRD01277,each
18.03,USD,Nilandron 150 mg tablet,APRD00150,tablet
1150.16,USD,Synarel 2 mg/ml Solution 8ml Bottle,APRD01129,bottle
0.83,USD,Adrenalin 1:1000 nasal soln,EXPT00496,ml
229.02,USD,Imitrex 6 mg/0.5 ml syringe kit,APRD00379,kit
0.45,USD,Suprax 20 mg/ml Suspension,APRD00583,ml
0.61,USD,Diabinese 100 mg tablet,APRD00029,tablet
1046.01,USD,Emend 6 125 mg capsule Box,APRD00100,box
198.58,USD,Galantamine Hydrobromide 30 8 mg 24 Hour Capsule Bottle,EXPT01628,bottle
50.03,USD,Tamoxifen citrate powder,APRD00123,g
0.16,USD,Benzyl benzoate,DB02775,ml
211.78,USD,Losartan Potassium 90 50 mg tablet Bottle,APRD00052,bottle
0.69,USD,Thioridazine HCl 100 mg tablet,APRD00596,tablet
188.4,USD,Ambisome 50 mg vial,APRD00797,vial
0.96,USD,Warfarin sodium 7.5 mg tablet,APRD00341,tablet
0.73,USD,Midazolam 1 mg/ml isecure syr,APRD00680,ml
0.19,USD,Tobramycin 60 mg/50 ml ns,APRD00582,ml
3.32,USD,Elmiron 100 mg capsule,APRD01175,capsule
0.81,USD,Fludrocortisone Acetate 0.1 mg tablet,DB02478,tablet
875.84,USD,CellCept 200 mg/ml Suspension 175ml Bottle,APRD01602,bottle
0.43,USD,Flurazepam HCl 15 mg capsule,APRD00983,capsule
2.44,USD,Univasc 15 mg tablet,APRD01120,tablet
84.0,USD,Phentolamine 5 mg vial,APRD00615,vial
0.96,USD,Fluorescein sodium 10% vial,DB07777,ml
163.01,USD,Daunorubicin 20 mg/4 ml vial,APRD00521,ml
0.9,USD,Furosemide 10 mg/ml Solution,DB07799,ml
224.35,USD,Ergotamine tartrate powder,APRD00677,powder
4.79,USD,Zanaflex 6 mg capsule,APRD00128,capsule
0.78,USD,Macrobid 100 mg Capsule (Macrocrystals/Monohydrate),APRD00191,capsule
4.87,USD,Inspra 50 mg tablet,APRD00707,tablet
0.65,USD,Agenerase 50 mg capsule,APRD00605,capsule
0.05,USD,Extraneal icodextrin dial soln,APRD01026,ml
0.77,USD,Methazolamide 50 mg tablet,APRD00740,tablet
960.0,USD,Vivitrol injectable suspension,DB05067,each
1.92,USD,Rescriptor 200 mg tablet,DB08563,tablet
0.63,USD,Mylan-Tamsulosin 0.4 mg Sustained-Release Capsule,APRD00036,capsule
3317.04,USD,Photofrin 75 mg vial,APRD00078,vial
18927.0,USD,Sufentanil citrate powder,DB05563,g
0.53,USD,Epivir 10 mg/ml Solution,APRD00681,ml
524.22,USD,Boniva 3 mg/3ml Kit Box,DB04635,box
0.8,USD,Flurbiprofen 50 mg tablet,APRD00753,tablet
0.62,USD,Oxacillin 2 gm/ 50 ml inj,APRD01149,ml
0.85,USD,Paxil 10 mg/5ml Suspension,DB00715,ml
100.57,USD,Alocril 2% Solution 5ml Bottle,APRD01137,bottle
0.66,USD,Micronor (28 Day) 0.35 mg Tablet,APRD00679,tablet
30.32,USD,Hepsera 10 mg tablet,APRD00781,tablet
13.69,USD,Bonefos 60 mg/ml,APRD00639,ml
0.74,USD,Nesacaine 2% vial,DB05342,ml
0.99,USD,Lisinopril 5 mg tablet,APRD00560,tablet
46.99,USD,Aldara 5% Cream Pack,APRD01030,pack
6.41,USD,Isopto homatropine 5% drops,APRD01017,ml
51.0,USD,Trimipramine maleate powder,APRD00498,g
0.81,USD,Transderm-Nitro 0.6 0.6 mg/hr Patch,APRD00153,patch
4.62,USD,Zemuron 10 mg/ml vial,APRD01221,ml
1.27,USD,Thiabendazole powder,DB08630,g
2.12,USD,Starlix 120 mg tablet,APRD00593,tablet
0.96,USD,Atracurium 10 mg/ml vial,APRD00806,ml
104.04,USD,Protopam chloride 1 gm vial,APRD01193,tablet
0.84,USD,Risperdal M-Tab 0.5 mg Disintegrating Tablet,APRD00187,tablet
290.08,USD,Naftin 1% Gel 90 gm Tube,APRD01131,tube
33.91,USD,Nexium i.v. 40 mg vial,APRD00363,vial
0.9,USD,Vertin-32 tablet,APRD00354,tablet
122.84,USD,Nebupent 300 mg inhal powder,EXPT02625,each
18.77,USD,Rilutek 50 mg tablet,APRD00145,tablet
0.9,USD,Cortef 20 mg tablet,DB07886,tablet
0.15,USD,Osmitrol 20% iv solution,EXPT02246,ml
6.87,USD,Multihance 529 mg/ml vial,APRD00989,ml
6.49,USD,Zyflo 600 mg tablet,APRD00265,tablet
15.33,USD,Provigil 200 mg tablet,APRD00534,tablet
113.94,USD,Desferal 2 gram vial,APRD00904,vial
0.67,USD,Scopace 0.4 mg tablet,APRD00616,tablet
0.87,USD,Palgic 4 mg tablet,APRD00765,tablet
0.8,USD,Apo-Etodolac 300 mg Capsule,APRD00067,capsule
3.98,USD,Prilocaine hcl powder,APRD00180,g
116.58,USD,Elestat 0.05% Solution 5ml Bottle,APRD00043,bottle
0.41,USD,Parnate 10 mg Tablet,APRD00645,tablet
0.24,USD,Forane liquid,APRD00212,ml
1.33,USD,Peganone 250 mg tablet,APRD00962,tablet
200.07,USD,Tretinoin (Emollient) 0.05% Cream 60 gm Tube,APRD00362,tube
0.18,USD,Phisohex 3% cleanser,APRD00722,ml
77.77,USD,Anzemet 100 mg tablet,APRD00518,tablet
24.86,USD,Plavix 300 mg tablet,APRD00444,tablet
0.2,USD,Tetracycline HCl 500 mg capsule,APRD00572,capsule
81.32,USD,Merrem 1 gm Solution Vial,EXPT02153,vial
0.94,USD,Potassium cl 25 meq tablet eff,APRD01322,tablet
138.07,USD,Irinotecan hcl 40 mg/2 ml inj,APRD00579,ml
0.94,USD,Northyx 20 mg tablet,APRD00002,tablet
0.7,USD,Elocom 0.1 % Cream,APRD00289,g
19.35,USD,Demser 250 mg capsule,APRD01112,capsule
111.2,USD,Patanol 0.1% Solution 5ml Bottle,APRD00310,bottle
5049.0,USD,Alprostadil powder,APRD00785,g
0.3,USD,Quarzan 5 mg capsule,APRD00737,capsule
180.8,USD,Ovide 0.5% Lotion 59ml Bottle,APRD01081,bottle
1273.41,USD,VePesid 20 50 mg capsule Box,APRD00239,box
10.62,USD,Aggrastat 250 mcg/ml vial,APRD00304,ml
0.79,USD,Trileptal 300 mg/5ml Suspension,APRD01308,ml
7.2,USD,Nalidixic acid powder,APRD01133,g
0.95,USD,Nardil 15 mg tablet,APRD00099,tablet
4039.2,USD,Polymyxin b 100 million unit,APRD01190,each
0.76,USD,Propantheline Bromide 15 mg tablet,APRD00177,tablet
0.94,USD,Elestrin 0.06% gel,APRD00311,g
0.52,USD,Apo-Mefenamic 250 mg Capsule,APRD00730,capsule
0.81,USD,Ratio-Acyclovir 200 mg Tablet,DB05347,tablet
0.87,USD,Pms-Naproxen 500 mg Suppository,DB08298,suppository
5.54,USD,Magnevist vial,APRD00991,ml
0.88,USD,Coversyl 4 mg Tablet,APRD01178,tablet
0.03,USD,Dehistine syrup,APRD00689,ml
1.53,USD,Halotin 1% cream,APRD01011,g
0.51,USD,Primidone 50 mg tablet,APRD00549,tablet
0.73,USD,Azulfidine EN-tabs 500 mg Enteric Coated Tabs,DB08518,tab
75.98,USD,Atacand 30 4 mg tablet Bottle,APRD00420,bottle
0.75,USD,Sandoz Gentamicin Sulfate 0.3 % Solution,APRD00214,ml
638.75,USD,Tazorac 0.1% Gel 100 gm Tube,APRD01246,tube
213.75,USD,Fenoldopam 10 mg/ml ampule,APRD00969,ml
5.26,USD,Alfenta 500 mcg/ml ampul,APRD00726,ml
513.26,USD,Colistin sulfate powder,APRD00886,each
0.79,USD,Bentyl 10 mg capsule,APRD00113,capsule
0.91,USD,Pentoxifylline powder,APRD00121,g
0.68,USD,Alcaine 0.5 % Solution,APRD00522,ml
0.85,USD,Indapamide 2.5 mg tablet,APRD01031,tablet
0.94,USD,Mydriacyl 0.5 % Solution,APRD00287,ml
4512.21,USD,Virazole 6 gm vial,DB01693,vial
1.16,USD,Phenylbutazone powder,DB08343,g
0.99,USD,Fentanyl-ns 300 mcg/30 ml syr,DB05564,ml
86.99,USD,Meloxicam 7.5 mg/5ml Suspension 100ml Bottle,APRD00529,bottle
0.09,USD,Monogen powder,APRD01606,g
0.22,USD,Metaproterenol 20 mg tablet,APRD00210,tablet
0.93,USD,Diprivan 10 mg/ml vial,DB05893,ml
0.37,USD,Acetazolamide 125 mg tablet,EXPT00604,tablet
140.77,USD,Cialis 30 5 mg tablet Box,APRD00071,box
6.65,USD,Antabuse 500 mg tablet,APRD00767,tablet
0.93,USD,Mentholatum pain patch,APRD01604,patch
14.16,USD,Natacyn eye drops,APRD01136,ml
50.87,USD,Monurol 3 gm Packets,APRD00987,packet
0.69,USD,Diazepam 5 mg/ml,DB07699,ml
0.89,USD,Trifluoperazine HCl 2 mg tablet,DB08616,tablet
70.0,USD,Ceclor 15 500 mg capsule Bottle,APRD00243,bottle
90.0,USD,Mifeprex 200 mg tablet,APRD00432,tablet
0.56,USD,Bromfenex-pd capsule sa,APRD00832,capsule
0.64,USD,Loperamide HCl 2 mg capsule,APRD00275,capsule
140.98,USD,Cloderm 0.1% Cream 45 gm Tube,APRD00877,tube
0.79,USD,Tolazamide 250 mg tablet,APRD01267,tablet
0.51,USD,Hydroxypropylcellulose powd,APRD01023,g
0.18,USD,Dobutamine 12.5 mg/ml vial,APRD00122,ml
0.73,USD,Oxazepam 15 mg capsule,APRD01152,capsule
272.99,USD,Aricept ODT 30 5 mg Dispersible Tablet Box,APRD00039,box
4.9,USD,Nubain 20 mg/ml ampule,APRD01132,ml
187.2,USD,Clofazimine powder,APRD00278,g
105.02,USD,Cordran (80 X 3 Inch) Box Box,APRD00982,box
0.44,USD,Cystagon 50 mg capsule,APRD00896,capsule
7.5,USD,Levamisole hcl powder,APRD01067,g
0.87,USD,Mebaral 32 mg tablet,APRD00047,tablet
0.77,USD,Perphenazine 2 mg tablet,APRD00429,tablet
22.21,USD,Dacarbazine 200 mg vial,APRD00331,each
0.84,USD,Sudafed 24 hour tablet,APRD00634,tablet
466.11,USD,Temodar 250 mg capsule,APRD00557,capsule
170.25,USD,Levulan kerastick,DB05277,each
0.58,USD,Lamisil 1 % Solution,APRD00508,g
8.88,USD,Penicillamine(d-) powder,APRD01171,g
0.84,USD,Medrol 2 mg tablet,APRD00197,tablet
0.75,USD,Apo-Diflunisal 500 mg Tablet,DB06895,tablet
19.04,USD,Levitra 5 mg tablet,APRD00699,tablet
0.82,USD,Ratio-Ranitidine 300 mg Tablet,APRD00254,tablet
2800.0,USD,Tacrolimus micronized powder,EXPT01437,g
1.71,USD,Didrex 50 mg tablet,APRD00759,tablet
0.85,USD,Benzonatate 100 mg capsule,APRD00629,capsule
79.25,USD,Trusopt 2% Solution 10ml,DB04507,bottle
0.83,USD,Brethine 5 mg tablet,APRD00589,tablet
6.3,USD,Vaprisol 20 mg/100 ml bag,APRD01302,ml
0.89,USD,Organidin nr 200 mg tablet,APRD01005,tablet
0.59,USD,Fluanxol 3 mg Tablet,APRD00388,tablet
0.79,USD,Teveten 400 mg Tablet,APRD00950,tablet
20.59,USD,Rapamune 2 mg tablet,DB02439,tablet
0.43,USD,Hibistat towelette,APRD00545,each
21.75,USD,Emtriva 200 mg capsule,APRD00226,capsule
0.95,USD,Microzide 12.5 mg capsule,APRD00721,capsule
0.96,USD,Accupril 5 mg Tablet,APRD00523,tablet
215.9,USD,ClomiPHENE Citrate 30 50 mg tablet Box,APRD00880,box
0.88,USD,Isosorbide Dinitrate CR 40 mg Controlled Release Tabs,APRD00455,tab
125.1,USD,Actonel 150 mg tablet,DB02782,tablet
11.39,USD,Alamast 0.1% drops,APRD00394,ml
0.98,USD,Bumex 1 mg tablet,APRD00294,tablet
178.71,USD,Mustargen 10 mg vial,APRD00249,vial
372.0,USD,Sancuso 3.1 mg/24 hr patch,APRD01002,patch
442.23,USD,Dienestrol powder,APRD00917,g
0.13,USD,Sulfapyridine powder,APRD00491,g
2.29,USD,Fluress eye drops,APRD00817,ml
38.08,USD,Iron dextran comp 100 mg/2 ml,APRD01053,ml
72.0,USD,Pre-pen ampul,APRD00822,ampul
74.08,USD,Vexol 1% Suspension 10ml Bottle,APRD01220,bottle
0.67,USD,Triazolam 0.25 mg tablet,APRD00313,tablet
0.02,USD,"Alcohol, denatured",APRD00738,ml
118.15,USD,Ultiva 5 mg vial,APRD01216,vial
0.6,USD,Videx 4 gm pediatric solution,DB02392,ml
527.4,USD,Sodium edecrin 50 mg vial,APRD00251,vial
0.86,USD,Ondansetron 32 mg/50 ml bag,APRD00481,ml
279.56,USD,Lumigan .03% 7.5ml Bottle,DB06863,bottle
12.53,USD,Gabitril 16 mg tablet,APRD00344,tablet
68.44,USD,Cocaine hydrochloride powder,APRD00080,g
0.97,USD,QuiNIDine Gluconate CR 324 mg Controlled Release Tabs,APRD00136,tab
0.94,USD,Zonegran 25 mg capsule,APRD00004,capsule
37.58,USD,Zemplar 4 mcg capsule,APRD01165,capsule
9.02,USD,Tindamax 500 mg tablet,APRD01260,tablet
0.34,USD,Gluconorm 2 mg Tablet,APRD00439,tablet
0.78,USD,Amantadine HCl 100 mg capsule,APRD00787,capsule
0.94,USD,Metronidazole vaginal 0.75% gl,APRD00631,g
1177.04,USD,Prostin e2 vaginal 20 mg sup,APRD00927,each
300.14,USD,Axert 12 12.5 mg tablet Box,APRD00169,box
0.96,USD,Alaway 0.025% eye drops,APRD01061,ml
46.39,USD,Buprenex 0.3 mg/ml Solution (1 Box Contains Five 1ml Box),APRD00670,box
0.47,USD,Cyclobenzaprine HCl 10 mg tablet,APRD00213,tablet
42.35,USD,Phenoxybenzamine hcl powd,APRD00651,g
0.72,USD,Pepcid ac 10 mg tablet,APRD00296,tablet
588.23,USD,Vidaza 100 mg vial,APRD00809,vial
0.84,USD,Misoprostol 100 mcg tablet,DB05379,tablet
1.96,USD,Welchol 625 mg tablet,APRD00883,tablet
1271.8,USD,Aptivus 120 250 mg capsule Bottle,APRD01306,bottle
0.91,USD,Maprotiline 75 mg tablet,APRD00747,tablet
0.62,USD,Afrin 0.05% nose spray,APRD01158,ml
0.74,USD,Salactic film solution,DB01398,ml
0.67,USD,Tenuate 25 mg tablet,APRD00919,tablet
182.81,USD,Serevent Diskus 60 50 mcg/dose Powder Inhaler,APRD00277,inhaler
2.84,USD,Hivid 0.75 mg tablet,APRD00562,tablet
0.09,USD,Entrophen 10 650 mg Enteric-Coated Tablet,EXPT00475,tablet
240.83,USD,Faslodex 125 mg/2.5 ml syringe,APRD00654,ml
3.1,USD,Felbatol 600 mg tablet,APRD00505,tablet
0.81,USD,Allegra 30 mg tablet,APRD00349,tablet
0.28,USD,Isoniazid 100 mg tablet,EXPT01940,tablet
277.47,USD,Amerge 9 2.5 mg tablet Box,APRD00220,box
333.27,USD,Maxalt 12 5 mg tablet Box,APRD00008,box
43.54,USD,Dynabac D5-Pak 10 250 mg Enteric Coated Tabs Box,APRD00931,box
0.63,USD,Hydrocodone-Acetaminophen 7.5-325 mg tablet,DB09475,tablet
78.06,USD,Ortho Tri-Cyclen Lo 28 0.18/0.215/0.25 mg-25 mcg tablet Disp Pack,APRD00569,disp
1474.46,USD,Paraplatin 450 mg vial,APRD00466,vial
0.99,USD,Medrol 4 mg tablet,APRD00342,tablet
0.73,USD,Pindolol 5 mg tablet,APRD00678,tablet
0.46,USD,Mepivacaine hcl 3% cartridge,APRD01094,ml
6.83,USD,Sonata 10 mg capsule,APRD00411,capsule
289.59,USD,Xibrom 0.09% Solution 5ml Bottle,APRD00831,bottle
196.37,USD,Iopidine 0.5% Solution 10ml Bottle,APRD00012,bottle
110.11,USD,Micardis 30 40 mg tablet Box,APRD01247,box
0.48,USD,Clarinex 0.5 mg/ml Syrup,APRD00324,ml
0.67,USD,Methyldopa 500 mg tablet,APRD01106,tablet
19.47,USD,Lotronex 1 mg tablet,APRD00580,tablet
684.36,USD,Cosmegen 0.5 mg vial,APRD00124,vial
0.33,USD,Selenium sulfide 2.25% shampoo,APRD01323,ml
120.26,USD,Optivar 0.05% Solution 6ml Bottle,APRD00813,bottle
5.15,USD,Zetia 10 mg tablet,APRD00619,tablet
1.44,USD,Endrate 150 mg/ml ampul,APRD01327,ml
0.96,USD,Dipyridamole 50 mg tablet,APRD00360,tablet
6.12,USD,Ketek pak 400 mg tablet,APRD00483,tablet
140.0,USD,Ethinyl estradiol powder,APRD00691,g
0.91,USD,Cyclogyl 1 % Solution,APRD00893,ml
5.17,USD,Rozerem 8 mg tablet,APRD01213,tablet
39.48,USD,Physostigmine salicyl cryst,APRD00406,g
23.77,USD,Accutane 20 mg capsule,APRD00140,capsule
0.88,USD,Foradil 12 mcg Capsule,APRD00641,capsule
0.62,USD,Meclizine 12.5 mg tablet,APRD00924,tablet
0.85,USD,Glycopyrrolate 0.2 mg/ml vial,DB06583,ml
588.0,USD,Depocyt 50 mg/5 ml vial,APRD00499,ml
0.15,USD,Dopamine 40 mg/ml vial,APRD00085,ml
252.18,USD,Exelon 30 9.5 mg/24hr Patches Box,APRD00321,box
13.77,USD,Aromasin 25 mg tablet,APRD00144,tablet
2.98,USD,Daypro 600 mg tablet,APRD00030,tablet
82.2,USD,Metvixia 16.8% cream,APRD01105,g
0.94,USD,Azathioprine 50 mg tablet,APRD00811,tablet
0.84,USD,Neomycin sulfate powder,APRD00013,g
5.17,USD,Ridaura 3 mg capsule,APRD00808,capsule
0.76,USD,Ratio-Gabapentin 400 mg Capsule,APRD00015,capsule
132.0,USD,Doxorubicin 50 mg vial,DB05847,vial
262.31,USD,Frova 9 2.5 mg tablet Box,APRD00270,box
0.82,USD,Hydrochlorothiazide 12.5 mg tablet,APRD00092,tablet
0.88,USD,Ventolin Nebules P.F. 2 mg/ml Unit Dose Solution,APRD00553,ml
0.78,USD,Gastrocrom 100 mg/5 ml conc,APRD00336,ml
19200.0,USD,Vitrasert 4.5 mg implant,EXPT01540,implant
0.97,USD,Droxia 400 mg capsule,APRD00023,capsule
16.87,USD,Femara 2.5 mg tablet,APRD01066,tablet
41.99,USD,Monistat-Derm 2% Cream 28.35 gm Tube,APRD01262,tube
115.08,USD,Busulfex 6 mg/ml vial,APRD00664,ml
0.71,USD,Apo-Keto-E 100 mg Enteric-Coated Tablet,DB05335,tablet
0.69,USD,Enlon 10 mg/ml vial,APRD00944,ml
3.39,USD,Metopirone 250 mg capsule,EXPT02271,capsule
44.03,USD,Sensipar 90 mg tablet,APRD00872,tablet
0.72,USD,Dermovate 0.05 % Ointment,APRD00876,g
2.82,USD,Colazal 750 mg capsule,APRD00141,capsule
0.94,USD,Sulfamethoxazole-TMP DS 800-160 mg tablet,APRD00076,tablet
0.91,USD,Diabeta 2.5 mg tablet,APRD00233,tablet
0.69,USD,Minocin 50 mg Capsule,APRD00547,capsule
0.91,USD,Guanfacine HCl 1 mg tablet,APRD00075,tablet
0.74,USD,Bethanechol Chloride 5 mg tablet,APRD00051,tablet
0.78,USD,Isosorbide Mononitrate 20 mg tablet,APRD00528,tablet
15.0,USD,Trichlormethiazide powder,APRD00031,g
111.13,USD,Phytonadione crystal,DB09528,g
0.81,USD,Renedil 5 mg Extended-Release Tablet,APRD00374,tablet
8.0,USD,Myfortic 360 mg Enteric Coated Tabs,EXPT02208,tab
29.99,USD,Aphthasol 5% Paste 3 gm Tube,APRD00795,tube
0.35,USD,Ketoderm 2 % Cream,APRD00401,g
3.92,USD,Avalide 300-25 mg tablet,APRD00413,tablet
1306.1,USD,Hycamtin 4 mg vial,APRD00687,vial
0.87,USD,Colchicine-Probenecid 0.5-500 mg tablet,APRD00167,tablet
33.97,USD,Mercaptopurine powder,APRD01096,g
0.91,USD,Procan Sr 750 mg Sustained-Release Tablet,APRD00509,tablet
5.01,USD,Detrol LA 2 mg 24 Hour Capsule,APRD00146,capsule
627.1,USD,Emsam 30 9 mg/24hr Patches Box,APRD00525,box
0.99,USD,Lofibra 54 mg tablet,DB09545,tablet
4372.47,USD,Thalomid 28 50 mg capsule Disp Pack,APRD01251,disp
1971.72,USD,Alkeran 50 mg vial,APRD00118,vial
3.38,USD,Namenda 10 mg tablet,APRD00221,tablet
87.53,USD,Zymar 0.3% Solution 5ml Bottle,APRD00996,bottle
140.9,USD,Rifadin iv 600 mg vial,EXPT02777,vial
4.27,USD,Amitiza 8 mcg capsule,APRD01298,capsule
0.6,USD,Fluocinonide 0.05% cream,APRD00978,g
0.7,USD,Ziagen 20 mg/ml Solution,APRD00216,ml
87.5,USD,Ergoloid mesylates powder,DB01287,g
0.69,USD,Profen II 45-800 mg 12 Hour tablet,APRD00372,tablet
0.27,USD,Pen g k 3 million unit/50 ml,DB11612,ml
16.09,USD,Phospholine iodide 0.125%,APRD00942,ml
14.57,USD,Biltricide 600 mg tablet,EXPT02728,tablet
4.21,USD,Noroxin 400 mg tablet,APRD00469,tablet
0.89,USD,Amoxicillin 875 mg tablet,APRD00248,tablet
0.57,USD,Oxybutynin Chloride 5 mg tablet,APRD00427,tablet
0.73,USD,Isoproterenol 0.2 mg/ml amp,APRD00182,ml
0.22,USD,Melatonin 3 mg tablet,DB08189,tablet
476.99,USD,Spectracef 28 400 mg tablet Disp Pack,APRD00850,disp
0.99,USD,Glucotrol XL 5 mg 24 Hour tablet,APRD00436,tablet
0.81,USD,Clonazepam 2 mg tablet,APRD00054,tablet
0.81,USD,Promethazine HCl 50 mg tablet,APRD00601,tablet
15.56,USD,Dihydrotachysterol powder,APRD00143,g
36.63,USD,Reyataz 300 mg capsule,APRD00804,capsule
367.02,USD,Fludara 50 mg vial,APRD00594,vial
0.45,USD,Benadryl allergy 25 mg strips,DB06975,strip
5.0,USD,Lipitor 80 mg tablet,APRD00055,tablet
0.86,USD,Mylan-Etidronate 200 mg Tablet,APRD00964,tablet
0.95,USD,Sabril 500 mg Powder Packet,APRD00282,packet
30.86,USD,Lomotil 2.5-0.025 mg/5ml Liquid 60ml Bottle,APRD00366,bottle
0.82,USD,Streptomycin sulfate powder,APRD00412,g
0.67,USD,Alli 60 mg capsule,APRD00255,capsule
78.75,USD,Emadine 0.05% Solution 5ml Bottle,APRD00946,bottle
0.87,USD,Piloptic-6 eye drops,APRD00382,ml
0.83,USD,Oticaine 20% ear drops,APRD00539,ml
0.43,USD,Primaquine Phosphate 15 mg Tablet,APRD00604,tablet
74.4,USD,Ventavis 20 mcg/1 ml solution,APRD01027,ml
0.68,USD,Lotrimin ultra 1% cream,APRD00833,g
0.77,USD,Dimethyl sulfoxide liquid,EXPT01231,ml
0.96,USD,Lescol 20 mg Capsule,APRD00346,capsule
24.76,USD,Arava 20 mg tablet,APRD00205,tablet
4.7,USD,Crestor 40 mg tablet,APRD00546,tablet
45.54,USD,Ancobon 500 mg capsule,APRD00299,capsule
0.47,USD,Orap 4 mg Tablet,APRD00218,tablet
28.97,USD,Xeloda 500 mg tablet,APRD00203,tablet
8.11,USD,Quinacrine hcl powder,APRD00317,g
0.91,USD,Zoloft 25 mg Capsule,DB08567,capsule
5.11,USD,Meridia 15 mg capsule,APRD00456,capsule
0.98,USD,Hepalean 1000 unit/ml,APRD00056,ml
0.19,USD,Miconazole nitrate 2% cream,APRD01115,g
72.98,USD,Coly-mycin m 150 mg vial,APRD00885,vial
0.32,USD,Zinacef-water 1.5 gm/50 ml,APRD00285,ml
0.76,USD,Papaverine hcl powder,DB07725,g
0.75,USD,Myci chlor-tan 8 mg caplet,DB09440,caplet
0.97,USD,NIFEdipine 10 mg capsule,APRD00590,capsule
7.7,USD,Malarone 250-100 mg tablet,APRD00805,tablet
0.83,USD,Amiodarone 150 mg/3 ml vial,APRD00288,ml
197.05,USD,Proglycem 50 mg/ml Suspension 30ml Bottle,APRD00914,bottle
0.42,USD,Diamicron 80 mg Tablet,APRD00460,tablet
1.86,USD,Mytelase 10 mg tablet,APRD00771,tablet
0.4,USD,Tolbutamide 500 mg tablet,APRD00267,tablet
4.12,USD,Avodart 0.5 mg capsule,APRD00385,capsule
0.93,USD,Econazole nitrate 1% cream,APRD00943,g
20.19,USD,Casodex 50 mg tablet,DB06284,tablet
0.82,USD,Sandoz Rabeprazole 20 mg Enteric-Coated Tablet,APRD01212,tablet
76.74,USD,Prednicarbate 0.1% Ointment 60 gm Tube,APRD01197,tube
12.48,USD,Actos 30 mg tablet,APRD00653,tablet
11.47,USD,Skelid 200 mg tablet,APRD01259,tablet
0.84,USD,Apo-Carvedilol 6.25 mg Tablet,APRD00091,tablet
0.44,USD,Levaquin 500 mg/100 ml d5w,DB06085,ml
0.31,USD,Apo-Sulfinpyrazone 200 mg Tablet,APRD00620,tablet
7.35,USD,Duricef 1 gm tablet,APRD00196,tablet
224.4,USD,Mycamine 100 mg vial,APRD01114,vial
0.93,USD,Sinequan 75 mg Capsule,APRD00398,capsule
605.88,USD,Ethyol 500 mg vial,APRD00021,vial
0.38,USD,Nu-Cloxi 500 mg Capsule,EXPT01068,capsule
0.76,USD,Apo-Flavoxate 200 mg Tablet,APRD00972,tablet
1.82,USD,Nefazodone hcl 250 mg tablet,APRD00402,tablet
0.35,USD,Cefzil 50 mg/ml Suspension,APRD00461,ml
0.93,USD,Apo-Desipramine 75 mg Tablet,DB07682,tablet
89.28,USD,Ertaczo 2% Cream 30 gm Tube,APRD00305,tube
148.08,USD,Factive 5 320 mg tablet Box,APRD00053,box
0.98,USD,Bupropion hcl 100 mg tablet,APRD00621,tablet
0.24,USD,Halothane liquid,DB02330,ml
0.74,USD,Nesacaine 2% vial,APRD00404,ml
0.93,USD,Hytrin 2 mg Tablet,APRD00667,tablet
0.44,USD,Calcium chloride powder,APRD00840,g
142.91,USD,Floxin Otic 0.3% Solution 10ml Bottle,APRD00502,bottle
2.51,USD,Pletal 100 mg tablet,APRD00155,tablet
270.89,USD,Itraconazole 28 100 mg capsule Disp Pack,APRD00040,disp
55.68,USD,Matulane 50 mg capsule,APRD00695,capsule
43.58,USD,Trisenox 10 mg/10 ml ampule,APRD00171,ml
102.0,USD,Guanethidine monosulf powder,APRD01007,g
0.75,USD,Pms-Moclobemide 300 mg Tablet,APRD00603,tablet
25.2,USD,Kanamycin sulfate powder,APRD00026,g
14.31,USD,Norflex 30 mg/ml ampul,APRD00097,ml
0.36,USD,Phenobarbital sodium powder,APRD00184,g
0.72,USD,Lexapro 5 mg/5ml Solution,APRD00683,ml
60.0,USD,Idamycin pfs 1 mg/ml vial,APRD00126,ml
105.99,USD,Podofilox 0.5% Solution 3.5ml Bottle,DB08417,bottle
2709.98,USD,Ifex-mesnex kit,APRD00007,kit
0.79,USD,Pms-Propafenone 300 mg Tablet,APRD00261,tablet
0.84,USD,Naloxone 0.02 mg/ml vial,APRD00025,ml
0.16,USD,Ratio-Domperidone Maleate 10 mg Tablet,APRD00418,tablet
391.79,USD,Fluoxymesterone powder,APRD00981,g
1009.8,USD,Pergolide mesylate 100% powder,APRD00663,g
0.53,USD,Loprox 1 % Cream,APRD00871,g
0.76,USD,Suprane inhalation liquid,APRD00907,ml
0.93,USD,Clindamycin ph 9 g/60 ml vial,APRD00566,ml
21.82,USD,Opana er 40 mg tablet,APRD00158,tablet
0.56,USD,Sectral 200 mg Tablet,APRD00772,tablet
163.11,USD,Azopt 1% Suspension 15ml Bottle,APRD00475,bottle
0.83,USD,Apo-Flecainide 100 mg Tablet,APRD00129,tablet
6.55,USD,Emcyt 140 mg capsule,APRD00625,capsule
0.67,USD,Captopril 25 mg tablet,APRD00164,tablet
0.49,USD,Zopiclone 7.5 mg Tablet,APRD00356,tablet
0.37,USD,Tubocurarine cl 3 mg/ml vial,APRD00176,ml
0.57,USD,Pms-Bromocriptine 2.5 mg Tablet,APRD00622,tablet
3.96,USD,Priftin 150 mg tablet,APRD01217,tablet
0.95,USD,Keppra 100 mg/ml Solution,APRD01068,ml
0.92,USD,Nadolol 20 mg tablet,APRD00301,tablet
1649.32,USD,Novantrone 2 mg/ml Concentrate 10ml Vial,APRD00371,vial
25.14,USD,Romazicon 0.1 mg/ml vial,APRD00974,ml
60.61,USD,Ceenu 100 mg capsule,APRD00292,capsule
50.25,USD,Levobunolol HCl 0.5% Solution 15ml Bottle,APRD00165,bottle
0.59,USD,Biaxin 50 mg/ml Suspension,APRD00181,ml
478.32,USD,Rocephin 10 gm vial,APRD00395,vial
1849.8,USD,Antizol 1.5 gm/1.5 ml vial,APRD00985,ml
42.99,USD,Optipranolol 0.3% Solution 10ml Bottle,APRD00668,bottle
0.96,USD,Estazolam 2 mg tablet,APRD00955,tablet
3.64,USD,Proscar 5 mg tablet,DB07774,tablet
1326.52,USD,Anastrozole 100% powder,APRD00016,g
0.8,USD,Dantrium 100 mg Capsule,APRD00901,capsule
22.4,USD,Xifaxan 550 mg tablet,APRD01218,tablet
0.99,USD,Ketamine 10 mg/ml vial,APRD00493,ml
0.93,USD,Pulmicort Nebuamp 0.5 mg/ml Suspension,APRD00442,ml
0.48,USD,Aminophylline 250 mg/10 ml vial,APRD00329,ml
0.83,USD,Sandoz Quetiapine 100 mg Tablet,APRD00675,tablet
281.47,USD,Lovenox 300 mg/3ml Solution 3ml Vial,APRD00068,vial
1119.6,USD,Abraxane 100 mg vial,DB05526,vial
32.4,USD,Diphenidol hcl powder,APRD00929,g
8.72,USD,Invirase 500 mg tablet,APRD00623,tablet
0.56,USD,Reglan 5 mg/ml vial,APRD00665,ml
0.86,USD,Dexasone 4 mg Tablet,APRD00674,tablet
15.19,USD,L-dopa powder,EXPT01107,g
0.99,USD,Sojourn inhalation liquid,APRD00219,ml
636.3,USD,Abilify Discmelt 30 10 mg Dispersible Tablet Box,APRD00638,box
51.59,USD,Flolan 1.5 mg vial,APRD00949,vial
0.65,USD,Pms-Gemfibrozil 600 mg Tablet,APRD00293,tablet
0.88,USD,ClomiPRAMINE HCl 25 mg capsule,DB07600,capsule
0.37,USD,Panectyl 5 mg Tablet,APRD00258,tablet
3.45,USD,Marplan 10 mg tablet,APRD00701,tablet
477.37,USD,Taxotere 20 mg/0.5 ml vial,APRD00932,vial
1.92,USD,Visipaque 320 mg/ml cartridge,DB01249,ml
1.8,USD,Dipentum 250 mg capsule,DB01250,capsule
676.9,USD,Ergonovine maleate 100% powder,DB01253,g
278.24,USD,Sprycel 100 mg tablet,DB01254,tablet
6.24,USD,Vyvanse 30 mg capsule,DB01255,capsule
8.64,USD,Altabax 1% ointment,DB01256,g
210.0,USD,Soliris 300 mg/30 ml vial,DB01257,ml
28.4,USD,Tykerb 250 mg tablet,DB02584,tablet
0.81,USD,Desonide 0.05% cream,DB01260,g
686.36,USD,Januvia 90 25 mg tablet Bottle,DB07214,bottle
1706.4,USD,Dacogen 50 mg vial,DB01262,vial
7.08,USD,Noxafil 40 mg/ml suspension,DB01263,ml
25.75,USD,Prezista 600 mg tablet,EXPT00002,tablet
27.26,USD,Tyzeka 600 mg tablet,DB01265,tablet
19.86,USD,Veregen 15% ointment,DB01266,g
296.45,USD,Invega sustenna 39 mg pref syringe,DB01267,syringe
333.39,USD,Sutent 50 mg capsule,DB07417,capsule
4349.4,USD,Vectibix 400 mg/20ml Solution 20ml Vial,DB01269,vial
2340.0,USD,Lucentis 0.5 mg vial,DB01270,vial
1051.28,USD,Elaprase 6 mg/3 ml vial,DB01271,ml
720.0,USD,Myozyme 50 mg vial,DB01272,vial
148.5,USD,"Chantix Starting Month Pak 0.5 mg X 11, 1 mg X 42 Disp Pack",DB01273,disp
3.41,USD,Brovana 15 mcg/2 ml solution,DB01274,ml
0.81,USD,Hydralazine-HCTZ 25-25 mg capsule,DB01275,capsule
324.23,USD,Byetta 10 MCG Pen 10 mcg/0.04ml Solution 2.4ml Pen,DB01276,pen
232.8,USD,Increlex 40 mg/4 ml vial,DB01277,ml
227.69,USD,Symlin 600 mcg/ml Solution 5ml Vial,DB01278,vial
391.2,USD,Naglazyme 5 mg/5 ml vial,DB01279,ml
12.75,USD,Arranon 250 mg vial,DB01280,ml
127.9,USD,Cortrosyn 0.25 mg vial,DB01284,vial
5584.56,USD,Acthar hp gel 80 unit/ml vial,DB09547,ml
169.99,USD,Maxair Autohaler 200 mcg/inh Aerosol 14 gm Inhaler,DB01291,inhaler
0.37,USD,Kaopectate 262 mg caplet,DB01402,caplet
0.81,USD,Cidatrine 500 mg tablet,EXPT01563,tablet
0.04,USD,Choledyl 20 mg/ml Elixir,DB01303,ml
14.81,USD,Novolog 100 unit/ml cartridge,DB01306,ml
14.28,USD,Levemir flexpen 100 unit/ml,DB01307,ml
13.3,USD,Apidra 100 unit/ml cartridge,DB01309,ml
14.78,USD,Lexiva 700 mg tablet,DB01319,tablet
0.61,USD,Fosphenytoin 500 mg pe/10 ml,DB01320,ml
0.93,USD,Cefazolin sod-water 1 g/10 ml,DB01327,ml
27.31,USD,Cefotetan 2 gm vial,DB01330,vial
112.25,USD,Cefoxitin 10 gm vial,EXPT00897,vial
0.13,USD,Pancuronium 1 mg/ml vial,DB01337,ml
5.05,USD,Vecuronium 20 mg vial,DB01339,vial
0.94,USD,Inhibace 5 mg Tablet,DB01340,tablet
0.9,USD,Kayexalate  Powder,DB06658,gm
117.35,USD,Amytal sodium 0.5 gram vial,DB01351,vial
0.8,USD,Eskalith cr 450 mg tablet,DB01356,tablet
2.87,USD,Levatol 20 mg tablet,DB01359,tablet
0.78,USD,Omnipaque 140 mg/ml vial,DB01362,ml
0.76,USD,Ephedrine 50 mg/ml ampul,DB01364,ml
45.99,USD,ProAir HFA 108 (90 Base)mcg/act Aerosol 8.5 gm Inhaler,DB01366,inhaler
12.11,USD,Azilect 1 mg tablet,EXPT02758,tablet
0.18,USD,Phillips 500 mg caplet,DB01377,caplet
0.47,USD,Cortisone Acetate 25 mg Tablet,DB01380,tablet
0.24,USD,Ginkgo biloba 40 mg tablet,DB01381,tablet
0.92,USD,Neut 4% vial,DB01390,ml
0.96,USD,Yocon 5.4 mg tablet,DB01392,tablet
1.96,USD,Bezalip 400 mg Sustained-Release Tablet,DB08380,tablet
0.58,USD,Colchicine 0.6 mg tablet,DB01394,tablet
486.85,USD,Digitoxin powder,DB01396,g
0.81,USD,Choline mag trisal 750 mg tablet,DB01397,tablet
0.55,USD,Salsalate 750 mg tablet,DB01399,tablet
0.48,USD,Neostigmine 1:2000 vial,DB01400,ml
0.81,USD,Choline mag trisal 750 mg tablet,DB01401,tablet
0.4,USD,Apo-Methoprazine 50 mg Tablet,DB01403,tablet
0.18,USD,V-r panax ginseng 300 mg capsule,DB01404,capsule
0.98,USD,Cyclomen 50 mg Capsule,DB01406,capsule
223.07,USD,Spiriva HandiHaler 30 18 mcg capsule Box,DB01409,box
0.66,USD,Alvesco 200 mcg/dose Metered Dose Aerosol,DB01410,dose
0.51,USD,Cefepime 2 gm injection,DB01413,ml
16.13,USD,Cedax 400 mg capsule,DB01415,capsule
194.37,USD,Vantin 20 200 mg tablet Bottle,DB01416,bottle
0.51,USD,Sintrom 1 mg Tablet,DB01418,tablet
0.91,USD,First-testosterone mc 2% cr,DBSALT001032,g
5.67,USD,Paromomycin 250 mg capsule,DB01421,capsule
115.78,USD,Doxil 2 mg/ml vial,DB01430,ml
116.3,USD,Questran Light 4 gm/dose Powder 210 gm Can,DB01432,can
13.11,USD,Auralgan ear drops,DB01435,ml
0.47,USD,One-Alpha 0.25 mcg Capsule,DB01436,capsule
0.97,USD,Phenazopyridine HCl 200 mg tablet,DB01438,tablet
5.33,USD,Xyrem 500 mg/ml oral solution,DB01440,ml
0.25,USD,Lectopam 6 mg Tablet,DB01558,tablet
0.05,USD,Pms-Chloral Hydrate 100 mg/ml Syrup,DB01563,ml
0.37,USD,Kaopectate 262 mg caplet,DB01575,each
0.92,USD,Dextroamphetamine Sulfate 10 mg tablet,DB01576,tablet
5.1,USD,Desoxyn 5 mg tablet,DB01577,tablet
0.83,USD,Bontril pdm 35 mg tablet,DB01579,tablet
1.74,USD,Sulfamethazine powder,DB01582,g
0.89,USD,Thyrolar-2 strength tablet,DB01583,tablet
0.92,USD,Pms-Ursodiol C 250 mg Tablet,DB01586,tablet
3.41,USD,Doral 15 mg tablet,DB01588,tablet
247.58,USD,Afinitor 10 mg tablet,DB01590,tablet
0.4,USD,Fortabs 50-325-40 mg tablet,APRD00168,tablet
0.29,USD,Iron chews 15 mg tablet chew,DB01592,tablet
0.24,USD,Mogadon 10 mg Tablet,DB01595,tablet
2.45,USD,Probucol powder,DB01599,g
0.43,USD,Nu-Tiaprofenic 300 mg Tablet,DB01600,tablet
0.52,USD,Neuleptil 20 mg Capsule,DB01608,capsule
78.61,USD,Exjade 500 mg tablet,DB01609,tablet
48.87,USD,Valcyte,DB01610,tablet
0.66,USD,Plaquenil Sulfate 200 mg Tablet,DB01611,tablet
5.12,USD,Moban 50 mg tablet,DB01618,tablet
56.19,USD,Piportil L4 50 mg/ml,DB01621,ml
0.6,USD,Majeptil 10 mg Tablet,DB01622,tablet
0.8,USD,Navane 2 mg capsule,DB01623,capsule
0.42,USD,Clopixol 10 mg Tablet,DB08920,tablet
6.72,USD,Isopropamide iodide powder,DB01625,g
7.79,USD,Lincocin 300 mg/ml vial,DB01627,ml
0.84,USD,Dovonex 50 mcg/ml Solution,EXPT02131,ml
83.11,USD,Zolinza 100 mg capsule,EXPT02902,capsule
0.66,USD,Fucidin 2 % Ointment,EXPT01507,g
285.0,USD,Thiotepa 30 mg vial,DB04572,vial
4.72,USD,Cholografin meglumine 52%,DB04711,ml
18.36,USD,Selzentry 300 mg tablet,DB04835,tablet
8.18,USD,Cyclandelate powder,DB04838,g
0.75,USD,Apo-Flunarizine 5 mg Capsule,DB04841,capsule
1.67,USD,Cantil 25 mg tablet,DB04843,tablet
74.57,USD,Xenazine 25 mg tablet,DB04844,tablet
2.09,USD,Bystolic 20 mg tablet,DB04861,tablet
10.8,USD,Bepreve 1.5% eye drops,DB04890,ml
1194.0,USD,Macugen 0.3 mg/0.09 ml,DB04895,vial
2.13,USD,Savella 50 mg tablet,DB04896,tablet
716.36,USD,Natrecor 1.5 mg vial,DB04899,vial
0.49,USD,Permethrin 5% cream,DB04930,g
0.93,USD,Silvadene 1% cream,DB05245,g
1.53,USD,Celontin 300 mg kapseal,DB05246,each
3775.25,USD,"Copaxone 20 mg/ml Kit 20 mg Solution, 1 Box = 30 Pre-Filled Syringes",APRD00999,box
14.38,USD,Histamine phosphate 100% cryst,DB00667,g
0.84,USD,N-acetyl-l-cysteine powder,DB05436,g
79.5,USD,Entereg 12 mg capsule,DB06274,capsule
295.26,USD,Forteo 750 mcg/3 ml pen,DB05581,ml
1467.89,USD,Torisel 25 mg kit,DB06287,ml
0.69,USD,Enuclene drops,DB06439,ml
86.62,USD,Ethamolin 5% ampul,DB06689,ml
4.46,USD,Pristiq 100 mg extended-release tablet,DB06700,tablet
97.16,USD,Deca-Durabolin 100 mg/ml,DB08804,ml
